village	latitude	longitude	language	group	family	republic	aff
Abdurashid	43.38644	46.67183	Avar	Avar	Nakh-Daghestanian	Daghestan	Avar
Adil'otar	43.4603	46.6761	Chechen	Nakh	Nakh-Daghestanian	Daghestan	Chechen
Adzhidada	43.2861	47.0731	Avar	Avar	Nakh-Daghestanian	Daghestan	Avar
Agada	42.412001	46.841895	Avar	Avar	Nakh-Daghestanian	Daghestan	Avar
Agvali	42.541192	46.121798	Chamalal	Andic	Nakh-Daghestanian	Daghestan	other Andic
Akaro (Yazykovka)	43.352007	46.977198	Avar	Avar	Nakh-Daghestanian	Daghestan	Avar
Akaytala	43.03176	46.92583	Avar	Avar	Nakh-Daghestanian	Daghestan	Avar
Akbulatyurt	43.45934	46.38598	Chechen	Nakh	Nakh-Daghestanian	Daghestan	Chechen
Akhalchi	42.594957	46.631744	Avar	Avar	Nakh-Daghestanian	Daghestan	Avar
Akhkent	42.57353	47.18488	Avar	Avar	Nakh-Daghestanian	Daghestan	Avar
Akhsu	42.92342	46.694116	Avar	Avar	Nakh-Daghestanian	Daghestan	Avar
Akhtachikan	43.49528	47.11944	Avar	Avar	Nakh-Daghestanian	Daghestan	Avar
Akhtini	43.28282	47.02641	Avar	Avar	Nakh-Daghestanian	Daghestan	Avar
Akhvakh-Dere	41.660912	46.652713	Akhvakh	Andic	Nakh-Daghestanian	Azerbaijan	other Andic
Akhvakh-Dere	41.660912	46.652713	Akhvakh	Andic	Nakh-Daghestanian	Azerbaijan	other Andic
Akhvakh-Dere	41.660912	46.652713	Akhvakh	Andic	Nakh-Daghestanian	Azerbaijan	other Andic
Akhvakh-Dere	41.660912	46.652713	Akhvakh	Andic	Nakh-Daghestanian	Azerbaijan	other Andic
Akhvakh-Dere	41.660912	46.652713	Akhvakh	Andic	Nakh-Daghestanian	Azerbaijan	other Andic
Akhvakh-Dere	41.660912	46.652713	Akhvakh	Andic	Nakh-Daghestanian	Azerbaijan	other Andic
Akhvakh-Dere	41.660912	46.652713	Akhvakh	Andic	Nakh-Daghestanian	Azerbaijan	other Andic
Aknada	42.4024828	46.1693204	Tindi	Andic	Nakh-Daghestanian	Daghestan	other Andic
Aksay	43.3686	46.4461	Avar	Avar	Nakh-Daghestanian	Daghestan	Avar
Akushali	42.4992	46.9504	Avar	Avar	Nakh-Daghestanian	Daghestan	Avar
Al'burikent	42.97389	47.47111	Avar	Avar	Nakh-Daghestanian	Daghestan	Avar
Ala	42.415472	46.837085	Avar	Avar	Nakh-Daghestanian	Daghestan	Avar
Alak	42.6092	46.1972	Avar	Avar	Nakh-Daghestanian	Daghestan	Avar
Albaniya (Tonokh-Kuli)	43.2056	46.6933	Avar	Avar	Nakh-Daghestanian	Daghestan	Avar
Aleksandriyskaya	43.9047	47.1297	Avar	Avar	Nakh-Daghestanian	Daghestan	Avar
Almak	42.985693	46.580315	Avar	Avar	Nakh-Daghestanian	Daghestan	Avar
Almalo	43.0967	47.2253	Avar	Avar	Nakh-Daghestanian	Daghestan	Avar
Amishta	42.62967	46.552971	Avar	Avar	Nakh-Daghestanian	Daghestan	Avar
Amushi Bol'shoe	42.63752	46.4864	Avar	Avar	Nakh-Daghestanian	Daghestan	Avar
Amushi Maloe	42.650445	46.487815	Avar	Avar	Nakh-Daghestanian	Daghestan	Avar
Anada	42.17306	46.36917	Avar	Avar	Nakh-Daghestanian	Daghestan	Avar
Anchik (Anchikh)	42.608098	46.271717	Karata	Andic	Nakh-Daghestanian	Daghestan	other Andic
Andi	42.7856	46.2639	Andi	Andic	Nakh-Daghestanian	Daghestan	Andi
Andi	42.7856	46.2639	Andi	Andic	Nakh-Daghestanian	Daghestan	Andi
Andi	42.7856	46.2639	Andi	Andic	Nakh-Daghestanian	Daghestan	Andi
Andi	42.7856	46.2639	Andi	Andic	Nakh-Daghestanian	Daghestan	Andi
Andi	42.7856	46.2639	Andi	Andic	Nakh-Daghestanian	Daghestan	Andi
Andi	42.7856	46.2639	Andi	Andic	Nakh-Daghestanian	Daghestan	Andi
Andi	42.7856	46.2639	Andi	Andic	Nakh-Daghestanian	Daghestan	Andi
Andi	42.7856	46.2639	Andi	Andic	Nakh-Daghestanian	Daghestan	Andi
Anduz	43.52361	46.87639	Karata	Andic	Nakh-Daghestanian	Daghestan	other Andic
Andykh	42.5119	46.5939	Avar	Avar	Nakh-Daghestanian	Daghestan	Avar
Angida	42.43279	46.1924	Tindi	Andic	Nakh-Daghestanian	Daghestan	other Andic
Ankhvala	43.65583	46.90389	Avar	Avar	Nakh-Daghestanian	Daghestan	Avar
Ansalta	42.6939	46.1147	Avar	Avar	Nakh-Daghestanian	Daghestan	Avar
Antsukh	42.1892	46.3397	Avar	Avar	Nakh-Daghestanian	Daghestan	Avar
Apshi	42.6094	47.1742	Avar	Avar	Nakh-Daghestanian	Daghestan	Avar
Arada	43.30962	47.15059	Avar	Avar	Nakh-Daghestanian	Daghestan	Avar
Arakani	42.610078	46.991711	Avar	Avar	Nakh-Daghestanian	Daghestan	Avar
Arani	42.5556	46.7225	Avar	Avar	Nakh-Daghestanian	Daghestan	Avar
Archo	42.597691	46.305756	Karata	Andic	Nakh-Daghestanian	Daghestan	other Andic
Argvani	42.8128	46.5792	Avar	Avar	Nakh-Daghestanian	Daghestan	Avar
Arkas	42.65194	47.13833	Avar	Avar	Nakh-Daghestanian	Daghestan	Avar
Arkhida (Asel'der-otar)	43.429	46.78533	Avar	Avar	Nakh-Daghestanian	Daghestan	Avar
Arkida	43.20583	47.0625	Avar	Avar	Nakh-Daghestanian	Daghestan	Avar
Artlukh	42.8631	46.6683	Avar	Avar	Nakh-Daghestanian	Daghestan	Avar
Arykhkent	42.64472	47.19165	Avar	Avar	Nakh-Daghestanian	Daghestan	Avar
Asha	42.450373	46.3334458	Tindi	Andic	Nakh-Daghestanian	Daghestan	other Andic
Ashali	42.76963	46.30878	Andi	Andic	Nakh-Daghestanian	Daghestan	Andi
Ashil'ta	42.772446	46.728853	Avar	Avar	Nakh-Daghestanian	Daghestan	Avar
Ashino	42.683462	46.156727	Botlikh	Andic	Nakh-Daghestanian	Daghestan	other Andic
Assab	42.471596	46.492475	Avar	Avar	Nakh-Daghestanian	Daghestan	Avar
Aymaki	42.5342	47.1383	Avar	Avar	Nakh-Daghestanian	Daghestan	Avar
Aytkhan	43.69773	46.82498	Andi	Andic	Nakh-Daghestanian	Daghestan	Andi
Babayurt	43.601403	46.783386	Avar	Avar	Nakh-Daghestanian	Daghestan	Avar
Baginub	42.1743	46.88159	Avar	Avar	Nakh-Daghestanian	Daghestan	Avar
Baitl'	42.546452	46.676472	Avar	Avar	Nakh-Daghestanian	Daghestan	Avar
Balakhani	42.63128	46.89514	Avar	Avar	Nakh-Daghestanian	Daghestan	Avar
Balanub	42.4284	46.8251	Avar	Avar	Nakh-Daghestanian	Daghestan	Avar
Bammatbekyurt	43.27167	46.61972	Chechen	Nakh	Nakh-Daghestanian	Daghestan	Chechen
Bammatyurt	43.3442	46.6075	Chechen	Nakh	Nakh-Daghestanian	Daghestan	Chechen
Banayyurt (Akhar)	43.1375	46.4225	Chechen	Nakh	Nakh-Daghestanian	Daghestan	Chechen
Barnab	42.07964	46.37894	Avar	Avar	Nakh-Daghestanian	Daghestan	Avar
Batlaich	42.554821	46.754217	Avar	Avar	Nakh-Daghestanian	Daghestan	Avar
Batlakhatli	42.580364	46.058877	Chamalal	Andic	Nakh-Daghestanian	Daghestan	other Andic
Batsada	42.3036	46.9092	Avar	Avar	Nakh-Daghestanian	Daghestan	Avar
Bavtugay	43.16808	46.83415	Avar	Avar	Nakh-Daghestanian	Daghestan	Avar
Bayram	43.25691	46.6513	Avar	Avar	Nakh-Daghestanian	Daghestan	Avar
Bayramaul	43.296175	46.730134	Chechen	Nakh	Nakh-Daghestanian	Daghestan	Chechen
Beledi	42.66722	46.05361	Godoberi	Andic	Nakh-Daghestanian	Daghestan	other Andic
Betel'da	41.95077	46.54164	Avar	Avar	Nakh-Daghestanian	Daghestan	Avar
Betli	42.72372	46.73388	Avar	Avar	Nakh-Daghestanian	Daghestan	Avar
Bezhuda	42.200348	46.479175	Avar	Avar	Nakh-Daghestanian	Daghestan	Avar
Bochokh	42.22	46.28472	Avar	Avar	Nakh-Daghestanian	Daghestan	Avar
Bogatyrevka	43.118523	47.368198	Avar	Avar	Nakh-Daghestanian	Daghestan	Avar
Bol'shaya Areshevka	44.107833	46.916939	Avar	Avar	Nakh-Daghestanian	Daghestan	Avar
Bol'shezadoevskoe	43.8661	46.8289	Avar	Avar	Nakh-Daghestanian	Daghestan	Avar
Bol'shoy Urala	42.424277	46.805844	Avar	Avar	Nakh-Daghestanian	Daghestan	Avar
Boragangechuv	43.30852	46.43596	Chechen	Nakh	Nakh-Daghestanian	Daghestan	Chechen
Botlikh	42.667813	46.221451	Botlikh	Andic	Nakh-Daghestanian	Daghestan	other Andic
Botlikh	42.667813	46.221451	Botlikh	Andic	Nakh-Daghestanian	Daghestan	other Andic
Botlikh	42.667813	46.221451	Botlikh	Andic	Nakh-Daghestanian	Daghestan	other Andic
Botlikh	42.667813	46.221451	Botlikh	Andic	Nakh-Daghestanian	Daghestan	other Andic
Botlikh	42.667813	46.221451	Botlikh	Andic	Nakh-Daghestanian	Daghestan	other Andic
Botlikh	42.667813	46.221451	Botlikh	Andic	Nakh-Daghestanian	Daghestan	other Andic
Bukhty	42.240712	46.985633	Avar	Avar	Nakh-Daghestanian	Daghestan	Avar
Burtunay	42.992004	46.630332	Avar	Avar	Nakh-Daghestanian	Daghestan	Avar
Busutli	42.24512	46.363326	Avar	Avar	Nakh-Daghestanian	Daghestan	Avar
Butsra	42.58902	46.7677	Avar	Avar	Nakh-Daghestanian	Daghestan	Avar
Chadakolob	42.19182	46.31981	Avar	Avar	Nakh-Daghestanian	Daghestan	Avar
Chalda	42.538206	46.920351	Avar	Avar	Nakh-Daghestanian	Daghestan	Avar
Chalo	43.40184	46.97071	Bagvalal	Andic	Nakh-Daghestanian	Daghestan	other Andic
Chanab	42.125345	46.90434	Avar	Avar	Nakh-Daghestanian	Daghestan	Avar
Chankayurt	43.56935	46.56515	Chechen	Nakh	Nakh-Daghestanian	Daghestan	Chechen
Chanko	42.717936	46.246417	Andi	Andic	Nakh-Daghestanian	Daghestan	Andi
Charavali	43.16188	46.50747	Chechen	Nakh	Nakh-Daghestanian	Daghestan	Chechen
Charoda	42.2764	46.8019	Avar	Avar	Nakh-Daghestanian	Daghestan	Avar
Childa	42.16328	46.34734	Avar	Avar	Nakh-Daghestanian	Daghestan	Avar
Chirkata	42.783992	46.716609	Avar	Avar	Nakh-Daghestanian	Daghestan	Avar
Chirkey	42.9633	46.9767	Avar	Avar	Nakh-Daghestanian	Daghestan	Avar
Chitab	42.10412	46.86914	Avar	Avar	Nakh-Daghestanian	Daghestan	Avar
Chitl'	42.722594	46.504009	Avar	Avar	Nakh-Daghestanian	Daghestan	Avar
Chododa	42.193439	46.314784	Avar	Avar	Nakh-Daghestanian	Daghestan	Avar
Chokh	42.3206	47.0336	Avar	Avar	Nakh-Daghestanian	Daghestan	Avar
Chondotl'	42.547749	46.659112	Avar	Avar	Nakh-Daghestanian	Daghestan	Avar
Chonob	42.407667	46.853808	Avar	Avar	Nakh-Daghestanian	Daghestan	Avar
Chontaul	43.30481	46.85967	Avar	Avar	Nakh-Daghestanian	Daghestan	Avar
Choroda	41.98096	46.49696	Avar	Avar	Nakh-Daghestanian	Daghestan	Avar
Chubutla	44.112498	46.374184	Avar	Avar	Nakh-Daghestanian	Daghestan	Avar
Chuni	42.34832	47.30303	Avar	Avar	Nakh-Daghestanian	Daghestan	Avar
Chunib	42.20496	46.82498	Avar	Avar	Nakh-Daghestanian	Daghestan	Avar
Chvadab	42.13028	46.87639	Avar	Avar	Nakh-Daghestanian	Daghestan	Avar
Dadulazda	42.4189	46.80373	Avar	Avar	Nakh-Daghestanian	Daghestan	Avar
Dagbash	42.380347	46.351961	Avar	Avar	Nakh-Daghestanian	Daghestan	Avar
Danukh	42.84282	46.6275	Chechen	Nakh	Nakh-Daghestanian	Daghestan	Chechen
Darada	42.465606	46.936573	Avar	Avar	Nakh-Daghestanian	Daghestan	Avar
Datuna	42.47357	46.64364	Avar	Avar	Nakh-Daghestanian	Daghestan	Avar
Doronub	42.124689	46.809427	Avar	Avar	Nakh-Daghestanian	Daghestan	Avar
Dubki	43.02116	46.83746	Avar	Avar	Nakh-Daghestanian	Daghestan	Avar
Duchi	43.129826	47.460438	Chechen	Nakh	Nakh-Daghestanian	Daghestan	Chechen
Durangi	42.63571	47.22366	Avar	Avar	Nakh-Daghestanian	Daghestan	Avar
Dusrakh	42.1275	46.8792	Avar	Avar	Nakh-Daghestanian	Daghestan	Avar
Dylym	43.0703	46.6386	Avar	Avar	Nakh-Daghestanian	Daghestan	Avar
Dzerzhinskoe	43.5192	46.4731	Avar	Avar	Nakh-Daghestanian	Daghestan	Avar
Dzhalaturi	42.631847	46.567028	Avar	Avar	Nakh-Daghestanian	Daghestan	Avar
Dzhugut	43.70835	46.86498	Andi	Andic	Nakh-Daghestanian	Daghestan	Andi
Ebuta	42.59275	46.66626	Avar	Avar	Nakh-Daghestanian	Daghestan	Avar
Echeda	42.43436	45.992398	Tindi	Andic	Nakh-Daghestanian	Daghestan	other Andic
Egeda	42.409124	46.844276	Avar	Avar	Nakh-Daghestanian	Daghestan	Avar
Enseruda	42.40611	46.85278	Avar	Avar	Nakh-Daghestanian	Daghestan	Avar
Gachitli	42.551361	46.088803	Chamalal	Andic	Nakh-Daghestanian	Daghestan	other Andic
Gadari	42.807303	46.621237	Avar	Avar	Nakh-Daghestanian	Daghestan	Avar
Gadaychi	42.470059	46.070951	Tindi	Andic	Nakh-Daghestanian	Daghestan	other Andic
Gadiri	42.566265	46.065746	Chamalal	Andic	Nakh-Daghestanian	Daghestan	other Andic
Gadiri	42.566265	46.065746	Chamalal	Andic	Nakh-Daghestanian	Daghestan	other Andic
Gadiri	42.566265	46.065746	Chamalal	Andic	Nakh-Daghestanian	Daghestan	other Andic
Gadiri	42.566265	46.065746	Chamalal	Andic	Nakh-Daghestanian	Daghestan	other Andic
Gagar	41.999252	46.592744	Avar	Avar	Nakh-Daghestanian	Daghestan	Avar
Gagatli	42.800361	46.292645	Andi	Andic	Nakh-Daghestanian	Daghestan	Andi
Gagatli	42.800361	46.292645	Andi	Andic	Nakh-Daghestanian	Daghestan	Andi
Gagatli	42.800361	46.292645	Andi	Andic	Nakh-Daghestanian	Daghestan	Andi
Gagatli	42.800361	46.292645	Andi	Andic	Nakh-Daghestanian	Daghestan	Andi
Gagatli	42.800361	46.292645	Andi	Andic	Nakh-Daghestanian	Daghestan	Andi
Gagatli	42.800361	46.292645	Andi	Andic	Nakh-Daghestanian	Daghestan	Andi
Gakko	42.47024	45.882	Chamalal	Andic	Nakh-Daghestanian	Daghestan	other Andic
Gamiyakh	43.2075	46.4886	Avar	Avar	Nakh-Daghestanian	Daghestan	Avar
Gamsutl'	42.301972	46.996315	Avar	Avar	Nakh-Daghestanian	Daghestan	Avar
Garakolob	42.048887	46.455015	Avar	Avar	Nakh-Daghestanian	Daghestan	Avar
Gatsalukh	42.59298	46.64949	Avar	Avar	Nakh-Daghestanian	Daghestan	Avar
Gebguda	42.190026	46.354817	Avar	Avar	Nakh-Daghestanian	Daghestan	Avar
Gel'bakh (V. Chiryurt)	43.15101	46.85751	Avar	Avar	Nakh-Daghestanian	Daghestan	Avar
Gendukh	42.13476	46.403084	Avar	Avar	Nakh-Daghestanian	Daghestan	Avar
Genekolob	41.916992	46.600199	Avar	Avar	Nakh-Daghestanian	Daghestan	Avar
Genichutl'	42.56455	46.73959	Avar	Avar	Nakh-Daghestanian	Daghestan	Avar
Genitsurib	42.425104	46.705356	Avar	Avar	Nakh-Daghestanian	Daghestan	Avar
Genta	42.37001	46.56099	Avar	Avar	Nakh-Daghestanian	Daghestan	Avar
Genzheaul	43.2934	46.75729	Chechen	Nakh	Nakh-Daghestanian	Daghestan	Chechen
Gerel'	41.94451	46.551888	Avar	Avar	Nakh-Daghestanian	Daghestan	Avar
Gergebil'	42.5047	47.0661	Avar	Avar	Nakh-Daghestanian	Daghestan	Avar
Gergentala	42.73225	47.05913	Avar	Avar	Nakh-Daghestanian	Daghestan	Avar
Germenchik	43.5403	46.7256	Chechen	Nakh	Nakh-Daghestanian	Daghestan	Chechen
Gertma	42.996711	46.74415	Avar	Avar	Nakh-Daghestanian	Daghestan	Avar
Gidatli	42.266327	46.374506	Avar	Avar	Nakh-Daghestanian	Daghestan	Avar
Gidib	42.22942	46.80621	Avar	Avar	Nakh-Daghestanian	Daghestan	Avar
Gigatl'	42.58136	46.0964	Chamalal	Andic	Nakh-Daghestanian	Daghestan	other Andic
Gigatl'	42.58136	46.0964	Chamalal	Andic	Nakh-Daghestanian	Daghestan	other Andic
Gigatl'	42.58136	46.0964	Chamalal	Andic	Nakh-Daghestanian	Daghestan	other Andic
Gigatl'	42.58136	46.0964	Chamalal	Andic	Nakh-Daghestanian	Daghestan	other Andic
Gigatli-Urukh	42.590934	46.142589	Chamalal	Andic	Nakh-Daghestanian	Daghestan	other Andic
Gigikh	42.532529	46.101767	Chamalal	Andic	Nakh-Daghestanian	Daghestan	other Andic
Gilib	42.1169	46.7761	Avar	Avar	Nakh-Daghestanian	Daghestan	Avar
Gimerso	42.561489	46.227545	Bagvalal	Andic	Nakh-Daghestanian	Daghestan	other Andic
Gimry	42.757219	46.838739	Avar	Avar	Nakh-Daghestanian	Daghestan	Avar
Gindib	42.11296	46.50397	Avar	Avar	Nakh-Daghestanian	Daghestan	Avar
Goab	42.097185	46.738407	Avar	Avar	Nakh-Daghestanian	Daghestan	Avar
Gochada	42.272626	46.765272	Avar	Avar	Nakh-Daghestanian	Daghestan	Avar
Gochob	42.2375	46.6642	Avar	Avar	Nakh-Daghestanian	Daghestan	Avar
Godoberi	42.6258	46.1189	Godoberi	Andic	Nakh-Daghestanian	Daghestan	other Andic
Godoberi	42.6258	46.1189	Godoberi	Andic	Nakh-Daghestanian	Daghestan	other Andic
Godoberi	42.6258	46.1189	Godoberi	Andic	Nakh-Daghestanian	Daghestan	other Andic
Godoberi	42.6258	46.1189	Godoberi	Andic	Nakh-Daghestanian	Daghestan	other Andic
Godoberi	42.6258	46.1189	Godoberi	Andic	Nakh-Daghestanian	Daghestan	other Andic
Godoberi	42.6258	46.1189	Godoberi	Andic	Nakh-Daghestanian	Daghestan	other Andic
Godoberi	42.6258	46.1189	Godoberi	Andic	Nakh-Daghestanian	Daghestan	other Andic
Godoberi	42.6258	46.1189	Godoberi	Andic	Nakh-Daghestanian	Daghestan	other Andic
Godoberi	42.6258	46.1189	Godoberi	Andic	Nakh-Daghestanian	Daghestan	other Andic
Godoberi	42.6258	46.1189	Godoberi	Andic	Nakh-Daghestanian	Daghestan	other Andic
Gogotl'	42.45481	46.76547	Avar	Avar	Nakh-Daghestanian	Daghestan	Avar
Goksuv	43.2222	46.82137	Avar	Avar	Nakh-Daghestanian	Daghestan	Avar
Golotl'	42.485962	46.735698	Avar	Avar	Nakh-Daghestanian	Daghestan	Avar
Gondokori	43.55252	46.89127	Avar	Avar	Nakh-Daghestanian	Daghestan	Avar
Gonoda	42.4697	46.7892	Avar	Avar	Nakh-Daghestanian	Daghestan	Avar
Gonokh	42.56163	46.6896	Avar	Avar	Nakh-Daghestanian	Daghestan	Avar
Gontlob	42.280673	46.726468	Avar	Avar	Nakh-Daghestanian	Daghestan	Avar
Goor	42.43339	46.56927	Avar	Avar	Nakh-Daghestanian	Daghestan	Avar
Goor-Khindakh	42.449273	46.575312	Avar	Avar	Nakh-Daghestanian	Daghestan	Avar
Gortkolo	42.576655	46.63945	Avar	Avar	Nakh-Daghestanian	Daghestan	Avar
Gortnob	41.962665	46.525604	Avar	Avar	Nakh-Daghestanian	Daghestan	Avar
Gostala	43.07334	46.6925	Avar	Avar	Nakh-Daghestanian	Daghestan	Avar
Gotsatl' Bol'shoy	42.51862	46.88262	Avar	Avar	Nakh-Daghestanian	Daghestan	Avar
Gotsatl' Malyy	42.5041	46.88829	Avar	Avar	Nakh-Daghestanian	Daghestan	Avar
Gotsob	42.58963	46.86901	Avar	Avar	Nakh-Daghestanian	Daghestan	Avar
Gozolokolo	42.569651	46.61206	Avar	Avar	Nakh-Daghestanian	Daghestan	Avar
Gunduchi	42.424818	46.15836	Tindi	Andic	Nakh-Daghestanian	Daghestan	other Andic
Guni	43.0311	46.6992	Avar	Avar	Nakh-Daghestanian	Daghestan	Avar
Gunib	42.388232	46.962258	Avar	Avar	Nakh-Daghestanian	Daghestan	Avar
Gunkha	42.78968	46.28275	Andi	Andic	Nakh-Daghestanian	Daghestan	Andi
Gunukh	42.28043	46.76307	Avar	Avar	Nakh-Daghestanian	Daghestan	Avar
Gvanachi	42.4606005	46.1622609	Tindi	Andic	Nakh-Daghestanian	Daghestan	other Andic
Gvedysh	42.13591	46.41437	Avar	Avar	Nakh-Daghestanian	Daghestan	Avar
Ibragimotar	43.56491	46.46879	Avar	Avar	Nakh-Daghestanian	Daghestan	Avar
Ichichali	42.732617	46.405263	Avar	Avar	Nakh-Daghestanian	Daghestan	Avar
Igali	42.7181	46.5811	Avar	Avar	Nakh-Daghestanian	Daghestan	Avar
Ikha	42.256944	45.820075	Avar	Avar	Nakh-Daghestanian	Daghestan	Avar
Imanaliroso	42.91429	46.76761	Avar	Avar	Nakh-Daghestanian	Daghestan	Avar
Imeni Karla Marksa	43.897	46.78746	Avar	Avar	Nakh-Daghestanian	Daghestan	Avar
Imeni Kirova	43.86396	46.70564	Avar	Avar	Nakh-Daghestanian	Daghestan	Avar
Imeni Shaumyana	43.87796	46.68821	Avar	Avar	Nakh-Daghestanian	Daghestan	Avar
Imeni Zhdanova	43.85694	46.69528	Avar	Avar	Nakh-Daghestanian	Daghestan	Avar
Inchkha	43.0964	46.7675	Avar	Avar	Nakh-Daghestanian	Daghestan	Avar
Indira	43.495013	46.80715	Karata	Andic	Nakh-Daghestanian	Daghestan	other Andic
Ingerdakh	42.58926	46.398373	Avar	Avar	Nakh-Daghestanian	Daghestan	Avar
Ingishi	42.77477	46.54264	Avar	Avar	Nakh-Daghestanian	Daghestan	Avar
Inkhelo (Novoe Inkhelo)	43.46797	46.61451	Karata	Andic	Nakh-Daghestanian	Daghestan	other Andic
Inkvalita	42.69936	46.68833	Avar	Avar	Nakh-Daghestanian	Daghestan	Avar
Iputa	42.47852	46.96592	Avar	Avar	Nakh-Daghestanian	Daghestan	Avar
Irganay	42.649543	46.912048	Avar	Avar	Nakh-Daghestanian	Daghestan	Avar
Irib	42.1606	46.8169	Avar	Avar	Nakh-Daghestanian	Daghestan	Avar
Ishtiburi	42.679149	46.702701	Avar	Avar	Nakh-Daghestanian	Daghestan	Avar
Ivaylazda	42.42	46.79917	Avar	Avar	Nakh-Daghestanian	Daghestan	Avar
Izano	42.52735	46.40389	Akhvakh	Andic	Nakh-Daghestanian	Daghestan	other Andic
Izta	42.30889	46.35667	Avar	Avar	Nakh-Daghestanian	Daghestan	Avar
Kabasida	42.205771	46.341334	Avar	Avar	Nakh-Daghestanian	Daghestan	Avar
Kadyrotar	43.44099	46.65515	Chechen	Nakh	Nakh-Daghestanian	Daghestan	Chechen
Kakh	42.557664	46.790848	Avar	Avar	Nakh-Daghestanian	Daghestan	Avar
Kakhabroso	42.73896	46.704697	Avar	Avar	Nakh-Daghestanian	Daghestan	Avar
Kakhib	42.4272	46.5969	Avar	Avar	Nakh-Daghestanian	Daghestan	Avar
Kakhikal	42.499065	46.874809	Avar	Avar	Nakh-Daghestanian	Daghestan	Avar
Kamilukh	41.90911	46.63101	Avar	Avar	Nakh-Daghestanian	Daghestan	Avar
Kamyshkutan	43.500222	46.621832	Akhvakh	Andic	Nakh-Daghestanian	Daghestan	other Andic
Kandauraul	43.3414	46.5664	Chechen	Nakh	Nakh-Daghestanian	Daghestan	Chechen
Karadakh	42.471023	46.863724	Avar	Avar	Nakh-Daghestanian	Daghestan	Avar
Karanub	42.12262	46.81777	Avar	Avar	Nakh-Daghestanian	Daghestan	Avar
Karata	42.5942	46.3419	Karata	Andic	Nakh-Daghestanian	Daghestan	other Andic
Karata	42.5942	46.3419	Karata	Andic	Nakh-Daghestanian	Daghestan	other Andic
Karata	42.5942	46.3419	Karata	Andic	Nakh-Daghestanian	Daghestan	other Andic
Karata	42.5942	46.3419	Karata	Andic	Nakh-Daghestanian	Daghestan	other Andic
Karata	42.5942	46.3419	Karata	Andic	Nakh-Daghestanian	Daghestan	other Andic
Karata	42.5942	46.3419	Karata	Andic	Nakh-Daghestanian	Daghestan	other Andic
Kardib	42.111443	46.514655	Avar	Avar	Nakh-Daghestanian	Daghestan	Avar
Kardonovka	43.8158	46.8478	Avar	Avar	Nakh-Daghestanian	Daghestan	Avar
Karlanyurt	43.2303	46.6447	Avar	Avar	Nakh-Daghestanian	Daghestan	Avar
Katroso	42.188329	46.33021	Avar	Avar	Nakh-Daghestanian	Daghestan	Avar
Kaziyurt	43.38808	47.03489	Karata	Andic	Nakh-Daghestanian	Daghestan	other Andic
Kedi	42.52611	45.96639	Avar	Avar	Nakh-Daghestanian	Daghestan	Avar
Keger	42.3767	47.0275	Avar	Avar	Nakh-Daghestanian	Daghestan	Avar
Kemsiyurt	43.43439	46.43548	Chechen	Nakh	Nakh-Daghestanian	Daghestan	Chechen
Kerlikent	44.02694	46.74889	Avar	Avar	Nakh-Daghestanian	Daghestan	Avar
Khachta	43.18498	47.07371	Avar	Avar	Nakh-Daghestanian	Daghestan	Avar
Khadakolob	42.231683	46.261819	Avar	Avar	Nakh-Daghestanian	Daghestan	Avar
Khadiyal	42.0989	46.4653	Avar	Avar	Nakh-Daghestanian	Daghestan	Avar
Khakhita	42.4667	47.2642	Avar	Avar	Nakh-Daghestanian	Daghestan	Avar
Khalikh	42.48467	46.09121	Tindi	Andic	Nakh-Daghestanian	Daghestan	other Andic
Khamagib	42.402538	46.850422	Avar	Avar	Nakh-Daghestanian	Daghestan	Avar
Khamakal	42.428109	46.674497	Avar	Avar	Nakh-Daghestanian	Daghestan	Avar
Khamar	42.095868	46.383695	Avar	Avar	Nakh-Daghestanian	Daghestan	Avar
Khamavyurt	43.2722	46.4286	Chechen	Nakh	Nakh-Daghestanian	Daghestan	Chechen
Khamzayurt	43.4509	46.98475	Avar	Avar	Nakh-Daghestanian	Daghestan	Avar
Khando	42.72694	46.23361	Andi	Andic	Nakh-Daghestanian	Daghestan	Andi
Khantakolob	42.21944	46.29083	Avar	Avar	Nakh-Daghestanian	Daghestan	Avar
Kharachi	42.67744	46.82263	Avar	Avar	Nakh-Daghestanian	Daghestan	Avar
Kharada	42.222648	46.258528	Avar	Avar	Nakh-Daghestanian	Daghestan	Avar
Kharakhi	42.6433	46.5211	Avar	Avar	Nakh-Daghestanian	Daghestan	Avar
Kharib	43.520028	46.5541444	Avar	Avar	Nakh-Daghestanian	Daghestan	Avar
Kharikolo	42.5451	46.80847	Avar	Avar	Nakh-Daghestanian	Daghestan	Avar
Khasavyurt	43.246769	46.58939	Chechen	Nakh	Nakh-Daghestanian	Daghestan	Chechen
Khatsunob	42.425999	46.802058	Avar	Avar	Nakh-Daghestanian	Daghestan	Avar
Khebda	42.443976	46.549984	Avar	Avar	Nakh-Daghestanian	Daghestan	Avar
Khebdib	42.43	46.86	Avar	Avar	Nakh-Daghestanian	Daghestan	Avar
Kheleturi	42.612495	46.225441	Avar	Avar	Nakh-Daghestanian	Daghestan	Avar
Khidib	42.17812	46.36299	Avar	Avar	Nakh-Daghestanian	Daghestan	Avar
Khimakoro	42.590092	46.617523	Avar	Avar	Nakh-Daghestanian	Daghestan	Avar
Khini	42.52767	46.70496	Avar	Avar	Nakh-Daghestanian	Daghestan	Avar
Khintida	42.220547	46.275395	Avar	Avar	Nakh-Daghestanian	Daghestan	Avar
Khinub	42.17454	46.82406	Avar	Avar	Nakh-Daghestanian	Daghestan	Avar
Khobokh	42.204624	46.379234	Avar	Avar	Nakh-Daghestanian	Daghestan	Avar
Khopor	42.352716	46.937396	Avar	Avar	Nakh-Daghestanian	Daghestan	Avar
Khorta	42.19329	46.35976	Avar	Avar	Nakh-Daghestanian	Daghestan	Avar
Khotlob	42.201243	46.432755	Avar	Avar	Nakh-Daghestanian	Daghestan	Avar
Khotoch	42.408408	46.954024	Avar	Avar	Nakh-Daghestanian	Daghestan	Avar
Khotoda	42.39393	46.559446	Avar	Avar	Nakh-Daghestanian	Daghestan	Avar
Khubar	43.0514	46.7547	Avar	Avar	Nakh-Daghestanian	Daghestan	Avar
Khuchada	42.400235	46.469178	Avar	Avar	Nakh-Daghestanian	Daghestan	Avar
Khunzakh	42.5394	46.705	Avar	Avar	Nakh-Daghestanian	Daghestan	Avar
Khurukh	42.18441	46.85807	Avar	Avar	Nakh-Daghestanian	Daghestan	Avar
Khushtada	42.517389	46.166126	Bagvalal	Andic	Nakh-Daghestanian	Daghestan	other Andic
Khutseevka	43.92938	46.78123	Avar	Avar	Nakh-Daghestanian	Daghestan	Avar
Khuty	42.1875	47.07	Avar	Avar	Nakh-Daghestanian	Daghestan	Avar
Khvarada	42.46889	46.99406	Avar	Avar	Nakh-Daghestanian	Daghestan	Avar
Khvartikuni	42.4569	47.0067	Avar	Avar	Nakh-Daghestanian	Daghestan	Avar
Kienikh	42.43056	46.66639	Avar	Avar	Nakh-Daghestanian	Daghestan	Avar
Kikuni	42.513979	47.036122	Avar	Avar	Nakh-Daghestanian	Daghestan	Avar
Kilyatl'	42.704637	46.466046	Avar	Avar	Nakh-Daghestanian	Daghestan	Avar
Kirovaul	43.2361	46.8469	Avar	Avar	Nakh-Daghestanian	Daghestan	Avar
Kirpichkutan	43.46198	46.61053	Karata	Andic	Nakh-Daghestanian	Daghestan	other Andic
Kishdatl'	42.304638	46.342239	Avar	Avar	Nakh-Daghestanian	Daghestan	Avar
Kizhani	42.74031	46.364775	Avar	Avar	Nakh-Daghestanian	Daghestan	Avar
Kizilyurt	43.20182	46.87756	Avar	Avar	Nakh-Daghestanian	Daghestan	Avar
Kizlyar	43.84465	46.718689	Avar	Avar	Nakh-Daghestanian	Daghestan	Avar
Kochali	42.527888	46.116112	Chamalal	Andic	Nakh-Daghestanian	Daghestan	other Andic
Kochubey	44.39179	46.54615	Avar	Avar	Nakh-Daghestanian	Daghestan	Avar
Kokrek	43.23639	46.72665	Avar	Avar	Nakh-Daghestanian	Daghestan	Avar
Kollektivizator	43.95942	47.39102	Avar	Avar	Nakh-Daghestanian	Daghestan	Avar
Kolo	42.65769	46.56607	Avar	Avar	Nakh-Daghestanian	Daghestan	Avar
Kommuna	42.3656	46.9686	Avar	Avar	Nakh-Daghestanian	Daghestan	Avar
Komsomol'skiy	43.97833	46.69852	Avar	Avar	Nakh-Daghestanian	Daghestan	Avar
Komsomol'skoe	43.1956	46.8964	Avar	Avar	Nakh-Daghestanian	Daghestan	Avar
Koroda	42.44961	46.846988	Avar	Avar	Nakh-Daghestanian	Daghestan	Avar
Kosob	42.242893	46.368239	Avar	Avar	Nakh-Daghestanian	Daghestan	Avar
Kosroda	42.13141	46.85829	Avar	Avar	Nakh-Daghestanian	Daghestan	Avar
Krasnoe (Selo)	44.100232	46.877563	Avar	Avar	Nakh-Daghestanian	Daghestan	Avar
Krasnooktyabr'skoe	43.84705	46.65553	Avar	Avar	Nakh-Daghestanian	Daghestan	Avar
Krasnyy Voskhod	43.86232	46.67508	Avar	Avar	Nakh-Daghestanian	Daghestan	Avar
Kraynovka	43.9772	47.3719	Avar	Avar	Nakh-Daghestanian	Daghestan	Avar
Kuanib	42.509735	46.611385	Avar	Avar	Nakh-Daghestanian	Daghestan	Avar
Kuchrab	42.17506	46.90244	Avar	Avar	Nakh-Daghestanian	Daghestan	Avar
Kudali	42.3678	47.0789	Avar	Avar	Nakh-Daghestanian	Daghestan	Avar
Kudiyabroso	42.541069	46.377932	Akhvakh	Andic	Nakh-Daghestanian	Daghestan	other Andic
Kudutl'	42.5783	47.0194	Avar	Avar	Nakh-Daghestanian	Daghestan	Avar
Kuker	42.43106	46.80982	Avar	Avar	Nakh-Daghestanian	Daghestan	Avar
Kul'zeb	43.1686	47.0108	Avar	Avar	Nakh-Daghestanian	Daghestan	Avar
Kuletsma	42.5556	47.2339	Avar	Avar	Nakh-Daghestanian	Daghestan	Avar
Kulla	42.31346	46.91014	Avar	Avar	Nakh-Daghestanian	Daghestan	Avar
Kunzakh	42.74884	46.66488	Avar	Avar	Nakh-Daghestanian	Daghestan	Avar
Kurmi	42.46639	47.04222	Avar	Avar	Nakh-Daghestanian	Daghestan	Avar
Kusur	41.781293	46.949207	Avar	Avar	Nakh-Daghestanian	Daghestan	Avar
Kutikh	42.12587	46.78902	Avar	Avar	Nakh-Daghestanian	Daghestan	Avar
Kutisha	42.4236	47.2831	Avar	Avar	Nakh-Daghestanian	Daghestan	Avar
Kutlab	42.09663	46.32982	Avar	Avar	Nakh-Daghestanian	Daghestan	Avar
Kuznetsovskoe	43.90277	46.63276	Avar	Avar	Nakh-Daghestanian	Daghestan	Avar
Kvanada	42.561478	46.17397	Bagvalal	Andic	Nakh-Daghestanian	Daghestan	other Andic
Kvanada	42.561478	46.17397	Bagvalal	Andic	Nakh-Daghestanian	Daghestan	other Andic
Kvanada	42.561478	46.17397	Bagvalal	Andic	Nakh-Daghestanian	Daghestan	other Andic
Kvanada	42.561478	46.17397	Bagvalal	Andic	Nakh-Daghestanian	Daghestan	other Andic
Kvanada	42.561478	46.17397	Bagvalal	Andic	Nakh-Daghestanian	Daghestan	other Andic
Kvanada	42.561478	46.17397	Bagvalal	Andic	Nakh-Daghestanian	Daghestan	other Andic
Kvanada	42.561478	46.17397	Bagvalal	Andic	Nakh-Daghestanian	Daghestan	other Andic
Kvanada	42.561478	46.17397	Bagvalal	Andic	Nakh-Daghestanian	Daghestan	other Andic
Kvankero	42.55244	46.3404	Akhvakh	Andic	Nakh-Daghestanian	Daghestan	other Andic
Kvankhidatli	42.65789	46.271742	Andi	Andic	Nakh-Daghestanian	Daghestan	Andi
Kversatl'	42.302562	46.392793	Avar	Avar	Nakh-Daghestanian	Daghestan	Avar
Kyakhulay	42.96839	47.48301	Avar	Avar	Nakh-Daghestanian	Daghestan	Avar
Lakhchayda	42.41345	46.8378	Avar	Avar	Nakh-Daghestanian	Daghestan	Avar
Landa	42.218	46.27432	Avar	Avar	Nakh-Daghestanian	Daghestan	Avar
Lologonitl'	42.51398	46.33093	Akhvakh	Andic	Nakh-Daghestanian	Daghestan	other Andic
Lopukhovka	43.93463	47.4079	Chechen	Nakh	Nakh-Daghestanian	Daghestan	Chechen
Maali	42.4858	46.9197	Avar	Avar	Nakh-Daghestanian	Daghestan	Avar
Machada	42.37839	46.53725	Avar	Avar	Nakh-Daghestanian	Daghestan	Avar
Machar	42.206556	46.335204	Avar	Avar	Nakh-Daghestanian	Daghestan	Avar
Magar	42.19546	46.843669	Avar	Avar	Nakh-Daghestanian	Daghestan	Avar
Magitl'	42.248081	46.366738	Avar	Avar	Nakh-Daghestanian	Daghestan	Avar
Malaya Areshevka	44.0208	46.8231	Avar	Avar	Nakh-Daghestanian	Daghestan	Avar
Malaya Zadoevka	43.86766	46.85721	Avar	Avar	Nakh-Daghestanian	Daghestan	Avar
Maloe Kozyrevskoe	43.90025	46.81582	Avar	Avar	Nakh-Daghestanian	Daghestan	Avar
Malyy Urala	42.42216	46.80506	Avar	Avar	Nakh-Daghestanian	Daghestan	Avar
Manasaul	42.7575	47.0397	Avar	Avar	Nakh-Daghestanian	Daghestan	Avar
Mashtada	42.61362	46.314659	Karata	Andic	Nakh-Daghestanian	Daghestan	other Andic
Matlas	42.595249	46.605532	Avar	Avar	Nakh-Daghestanian	Daghestan	Avar
Matseevka	43.27151	46.98244	Chamalal	Andic	Nakh-Daghestanian	Daghestan	other Andic
Maydanskoe	42.601674	46.958927	Avar	Avar	Nakh-Daghestanian	Daghestan	Avar
Mazada	42.197896	46.390092	Avar	Avar	Nakh-Daghestanian	Daghestan	Avar
Mekhel'ta	42.798277	46.497361	Avar	Avar	Nakh-Daghestanian	Daghestan	Avar
Mekheturi	42.70556	46.2375	Andi	Andic	Nakh-Daghestanian	Daghestan	Andi
Mesterukh	42.5747	46.3964	Avar	Avar	Nakh-Daghestanian	Daghestan	Avar
Metrada	42.393034	45.888954	Avar	Avar	Nakh-Daghestanian	Daghestan	Avar
Miarso	42.654059	46.175643	Botlikh	Andic	Nakh-Daghestanian	Daghestan	other Andic
Miatli	43.08173	46.8286	Avar	Avar	Nakh-Daghestanian	Daghestan	Avar
Mikdatl'	42.309412	46.380732	Avar	Avar	Nakh-Daghestanian	Daghestan	Avar
Mitliurib	42.43537	46.68836	Avar	Avar	Nakh-Daghestanian	Daghestan	Avar
Mochokh	42.63159	46.61242	Avar	Avar	Nakh-Daghestanian	Daghestan	Avar
Mogilyovskoe	43.26106	46.62714	Avar	Avar	Nakh-Daghestanian	Daghestan	Avar
Mogrob	42.15672	46.86521	Avar	Avar	Nakh-Daghestanian	Daghestan	Avar
Mokoda	42.42385	46.66963	Avar	Avar	Nakh-Daghestanian	Daghestan	Avar
Moksob	43.434004	46.48603	Avar	Avar	Nakh-Daghestanian	Daghestan	Avar
Moksokh	42.6538	46.80572	Avar	Avar	Nakh-Daghestanian	Daghestan	Avar
Moschob	42.21389	46.79167	Avar	Avar	Nakh-Daghestanian	Daghestan	Avar
Mugdab	42.420445	46.807523	Avar	Avar	Nakh-Daghestanian	Daghestan	Avar
Mugurukh	42.26064	46.86533	Avar	Avar	Nakh-Daghestanian	Daghestan	Avar
Mukharkh	42.459302	46.15171	Tindi	Andic	Nakh-Daghestanian	Daghestan	other Andic
Mukutl'	42.19562	46.861381	Avar	Avar	Nakh-Daghestanian	Daghestan	Avar
Mulla-Ali	43.86792	46.88344	Avar	Avar	Nakh-Daghestanian	Daghestan	Avar
Muni	42.680242	46.308874	Andi	Andic	Nakh-Daghestanian	Daghestan	Andi
Murada	42.445422	46.954469	Avar	Avar	Nakh-Daghestanian	Daghestan	Avar
Murukh	42.27719	46.7715	Avar	Avar	Nakh-Daghestanian	Daghestan	Avar
Muschuli	42.633706	46.498593	Avar	Avar	Nakh-Daghestanian	Daghestan	Avar
Musrukh	42.32897	46.51614	Avar	Avar	Nakh-Daghestanian	Daghestan	Avar
Mutsalaul	43.2719	46.7311	Avar	Avar	Nakh-Daghestanian	Daghestan	Avar
Nachada	42.198508	46.448902	Avar	Avar	Nakh-Daghestanian	Daghestan	Avar
Nadar	42.09736	46.36025	Avar	Avar	Nakh-Daghestanian	Daghestan	Avar
Nakazukh	42.264594	46.914238	Avar	Avar	Nakh-Daghestanian	Daghestan	Avar
Narysh	43.52692	46.69469	Avar	Avar	Nakh-Daghestanian	Daghestan	Avar
Nechaevka	43.2703	46.9131	Chamalal	Andic	Nakh-Daghestanian	Daghestan	other Andic
Nikar	42.0737	46.406903	Avar	Avar	Nakh-Daghestanian	Daghestan	Avar
Niklida	42.199941	46.406485	Avar	Avar	Nakh-Daghestanian	Daghestan	Avar
Nitab	42.51925	46.63256	Avar	Avar	Nakh-Daghestanian	Daghestan	Avar
Nitilsukh	42.04732	46.42938	Avar	Avar	Nakh-Daghestanian	Daghestan	Avar
Nitsovkra	42.15951	47.081271	Chechen	Nakh	Nakh-Daghestanian	Daghestan	Chechen
Nizhnee Inkhelo	42.645134	46.259367	Karata	Andic	Nakh-Daghestanian	Daghestan	other Andic
Nizhnee Inkho	42.704518	46.507752	Avar	Avar	Nakh-Daghestanian	Daghestan	Avar
Nizhnie Chugli	42.46318	47.29733	Avar	Avar	Nakh-Daghestanian	Daghestan	Avar
Nizhnie Gakvari	42.53602	46.05171	Chamalal	Andic	Nakh-Daghestanian	Daghestan	other Andic
Nizhnie Khvarshini	42.4108	45.8697	Avar	Avar	Nakh-Daghestanian	Daghestan	Avar
Nizhniy Aradirikh	42.68979	46.568219	Avar	Avar	Nakh-Daghestanian	Daghestan	Avar
Nizhniy Batlukh	42.4853	46.5239	Avar	Avar	Nakh-Daghestanian	Daghestan	Avar
Nizhniy Chiryurt	43.17299	46.86328	Avar	Avar	Nakh-Daghestanian	Daghestan	Avar
Nizhniy Karanay	42.84729	46.940488	Avar	Avar	Nakh-Daghestanian	Daghestan	Avar
Nizhniy Kolob	42.430087	46.659303	Avar	Avar	Nakh-Daghestanian	Daghestan	Avar
Nizhniy Togokh	42.43381	46.70246	Avar	Avar	Nakh-Daghestanian	Daghestan	Avar
Novo-Argvani	42.78174	46.60445	Avar	Avar	Nakh-Daghestanian	Daghestan	Avar
Novochurtakh	43.2131	46.5436	Avar	Avar	Nakh-Daghestanian	Daghestan	Avar
Novoe Kheleturi	43.47958	46.784633	Avar	Avar	Nakh-Daghestanian	Daghestan	Avar
Novogagatli	43.4561	46.4819	Andi	Andic	Nakh-Daghestanian	Daghestan	Andi
Novogeorgievka	43.9314	46.6339	Avar	Avar	Nakh-Daghestanian	Daghestan	Avar
Novogladovka	43.84923	46.89421	Avar	Avar	Nakh-Daghestanian	Daghestan	Avar
Novokare	43.6011	46.9675	Avar	Avar	Nakh-Daghestanian	Daghestan	Avar
Novokokhanovskoe	43.8672	46.6508	Avar	Avar	Nakh-Daghestanian	Daghestan	Avar
Novolakskoe	43.1169	46.4839	Chechen	Nakh	Nakh-Daghestanian	Daghestan	Chechen
Novomekhel'ta	43.249918	46.54397	Avar	Avar	Nakh-Daghestanian	Daghestan	Avar
Novomonastyrskoe	43.865916	46.607527	Avar	Avar	Nakh-Daghestanian	Daghestan	Avar
Novonadezhdovka	43.83556	46.93295	Avar	Avar	Nakh-Daghestanian	Daghestan	Avar
Novoromanovka	43.9567	46.6444	Avar	Avar	Nakh-Daghestanian	Daghestan	Avar
Novosasitli	43.38468	46.58564	Avar	Avar	Nakh-Daghestanian	Daghestan	Avar
Novosel'skoe	43.4275	46.4667	Chechen	Nakh	Nakh-Daghestanian	Daghestan	Chechen
Novoterechnoe	44.01557	47.34915	Avar	Avar	Nakh-Daghestanian	Daghestan	Avar
Novye Gadari	43.19425	46.76904	Avar	Avar	Nakh-Daghestanian	Daghestan	Avar
Novyy Bakhtemir	44.131866	47.265502	Avar	Avar	Nakh-Daghestanian	Daghestan	Avar
Novyy Biryuzyak	43.77431	47.294614	Avar	Avar	Nakh-Daghestanian	Daghestan	Avar
Novyy Chechen'	44.254761	47.07089	Avar	Avar	Nakh-Daghestanian	Daghestan	Avar
Novyy Chirkey	43.1617	47.0567	Avar	Avar	Nakh-Daghestanian	Daghestan	Avar
Novyy Khushet	42.900261	47.561244	Avar	Avar	Nakh-Daghestanian	Daghestan	Avar
Novyy Sulak	43.21068	46.81809	Avar	Avar	Nakh-Daghestanian	Daghestan	Avar
Noyrukh	42.193895	46.38005	Avar	Avar	Nakh-Daghestanian	Daghestan	Avar
Nukhotkolob	42.23195	46.265721	Avar	Avar	Nakh-Daghestanian	Daghestan	Avar
Nukush	42.1492	46.80579	Avar	Avar	Nakh-Daghestanian	Daghestan	Avar
Nuradilovo	43.284357	46.4645	Chechen	Nakh	Nakh-Daghestanian	Daghestan	Chechen
Nusi	43.45602	46.9706	Avar	Avar	Nakh-Daghestanian	Daghestan	Avar
Oboda	42.578542	46.668203	Avar	Avar	Nakh-Daghestanian	Daghestan	Avar
Obokh	42.28362	47.03734	Avar	Avar	Nakh-Daghestanian	Daghestan	Avar
Obonub	42.40556	46.83972	Avar	Avar	Nakh-Daghestanian	Daghestan	Avar
Ochlo	42.642518	46.64532	Avar	Avar	Nakh-Daghestanian	Daghestan	Avar
Okhli	42.55565	47.209281	Avar	Avar	Nakh-Daghestanian	Daghestan	Avar
Old Siukh	42.80278	46.43694	Karata	Andic	Nakh-Daghestanian	Daghestan	other Andic
Orada-Chugli	42.49384	47.22264	Avar	Avar	Nakh-Daghestanian	Daghestan	Avar
Orkachi	42.6058	46.81797	Avar	Avar	Nakh-Daghestanian	Daghestan	Avar
Orota	42.65915	46.53772	Avar	Avar	Nakh-Daghestanian	Daghestan	Avar
Ortakolo	42.67057	46.38882	Avar	Avar	Nakh-Daghestanian	Daghestan	Avar
Osmanyurt	43.3056	46.5308	Chechen	Nakh	Nakh-Daghestanian	Daghestan	Chechen
Pervokizlyarskoe	43.88591	46.67872	Avar	Avar	Nakh-Daghestanian	Daghestan	Avar
Petrakovskoe	43.25332	46.6321	Avar	Avar	Nakh-Daghestanian	Daghestan	Avar
Plodopitomnik	43.99533	46.73344	Avar	Avar	Nakh-Daghestanian	Daghestan	Avar
Pokrovskoe	43.2886	46.6658	Chechen	Nakh	Nakh-Daghestanian	Daghestan	Chechen
Pyatiletka	43.37262	46.96553	Avar	Avar	Nakh-Daghestanian	Daghestan	Avar
Rachabulda	42.617256	46.300014	Karata	Andic	Nakh-Daghestanian	Daghestan	other Andic
Rakhata	42.6911	46.1414	Avar	Avar	Nakh-Daghestanian	Daghestan	Avar
Rassvet	43.9786	46.7111	Avar	Avar	Nakh-Daghestanian	Daghestan	Avar
Ratlub	42.359268	46.433433	Akhvakh	Andic	Nakh-Daghestanian	Daghestan	other Andic
Ratsitl'	42.63788	46.33455	Karata	Andic	Nakh-Daghestanian	Daghestan	other Andic
Ravkvatl'	42.372455	46.579617	Avar	Avar	Nakh-Daghestanian	Daghestan	Avar
Razdol'e	44.1942	46.5856	Avar	Avar	Nakh-Daghestanian	Daghestan	Avar
Richaganikh	42.49724	46.05853	Chamalal	Andic	Nakh-Daghestanian	Daghestan	other Andic
Rikvani	42.782304	46.319372	Andi	Andic	Nakh-Daghestanian	Daghestan	Andi
Rikvani	42.782304	46.319372	Andi	Andic	Nakh-Daghestanian	Daghestan	Andi
Rikvani	42.782304	46.319372	Andi	Andic	Nakh-Daghestanian	Daghestan	Andi
Rikvani	42.782304	46.319372	Andi	Andic	Nakh-Daghestanian	Daghestan	Andi
Rikvani	42.782304	46.319372	Andi	Andic	Nakh-Daghestanian	Daghestan	Andi
Rikvani	42.782304	46.319372	Andi	Andic	Nakh-Daghestanian	Daghestan	Andi
Rikvani	42.782304	46.319372	Andi	Andic	Nakh-Daghestanian	Daghestan	Andi
Rikvani	42.782304	46.319372	Andi	Andic	Nakh-Daghestanian	Daghestan	Andi
Rikvani	42.782304	46.319372	Andi	Andic	Nakh-Daghestanian	Daghestan	Andi
Ritlyab	42.05087	46.71917	Avar	Avar	Nakh-Daghestanian	Daghestan	Avar
Rosnob	42.055	46.41194	Avar	Avar	Nakh-Daghestanian	Daghestan	Avar
Rosta	42.20056	46.39667	Avar	Avar	Nakh-Daghestanian	Daghestan	Avar
Rosutl'	42.41533	46.8308	Avar	Avar	Nakh-Daghestanian	Daghestan	Avar
Rugel'da	42.3175	46.5244	Avar	Avar	Nakh-Daghestanian	Daghestan	Avar
Rugudzha	42.3606	46.9139	Avar	Avar	Nakh-Daghestanian	Daghestan	Avar
Rul'dab	42.18472	46.85028	Avar	Avar	Nakh-Daghestanian	Daghestan	Avar
Rushukha	42.71509	46.28112	Andi	Andic	Nakh-Daghestanian	Daghestan	Andi
Rybalko	43.78321	46.65519	Avar	Avar	Nakh-Daghestanian	Daghestan	Avar
Sabda	42.311355	46.371346	Avar	Avar	Nakh-Daghestanian	Daghestan	Avar
Sachada	42.258411	46.699595	Avar	Avar	Nakh-Daghestanian	Daghestan	Avar
Sadovoe	43.34119	46.77181	Avar	Avar	Nakh-Daghestanian	Daghestan	Avar
Salda	41.97497	46.50848	Avar	Avar	Nakh-Daghestanian	Daghestan	Avar
Salta	42.39589	47.07048	Avar	Avar	Nakh-Daghestanian	Daghestan	Avar
Samilakh	43.31816	47.06008	Avar	Avar	Nakh-Daghestanian	Daghestan	Avar
Saniorta	42.03195	46.44246	Avar	Avar	Nakh-Daghestanian	Daghestan	Avar
Sanukh	42.47054	46.13446	Tindi	Andic	Nakh-Daghestanian	Daghestan	other Andic
Saraf	42.20373	46.31767	Avar	Avar	Nakh-Daghestanian	Daghestan	Avar
Sasitli	42.496173	45.996762	Avar	Avar	Nakh-Daghestanian	Daghestan	Avar
Sekh	42.416094	46.826447	Avar	Avar	Nakh-Daghestanian	Daghestan	Avar
Semender	42.98833	47.40361	Avar	Avar	Nakh-Daghestanian	Daghestan	Avar
Sentukh	43.43724	46.89029	Avar	Avar	Nakh-Daghestanian	Daghestan	Avar
Serebryakovka	43.98115	46.8328	Chamalal	Andic	Nakh-Daghestanian	Daghestan	other Andic
Shabdukh	42.75612	46.42139	Avar	Avar	Nakh-Daghestanian	Daghestan	Avar
Shagada	43.479	46.72585	Avar	Avar	Nakh-Daghestanian	Daghestan	Avar
Shamil'kala	42.690407	46.874769	Avar	Avar	Nakh-Daghestanian	Daghestan	Avar
Shamkhal	43.056632	47.344526	Avar	Avar	Nakh-Daghestanian	Daghestan	Avar
Shamkhal-Termen	43.03389	47.31053	Avar	Avar	Nakh-Daghestanian	Daghestan	Avar
Shangoda	42.246859	47.000153	Avar	Avar	Nakh-Daghestanian	Daghestan	Avar
Shidib	42.214353	46.300745	Avar	Avar	Nakh-Daghestanian	Daghestan	Avar
Shitli	42.24574	47.01268	Avar	Avar	Nakh-Daghestanian	Daghestan	Avar
Shivor	42.714662	46.256637	Andi	Andic	Nakh-Daghestanian	Daghestan	Andi
Shodroda (Shadroda)	42.678426	46.12155	Avar	Avar	Nakh-Daghestanian	Daghestan	Avar
Shotota	42.58165	46.57729	Avar	Avar	Nakh-Daghestanian	Daghestan	Avar
Shuguri	43.67833	47.05861	Tindi	Andic	Nakh-Daghestanian	Daghestan	other Andic
Shulatuta	42.63167	46.85806	Avar	Avar	Nakh-Daghestanian	Daghestan	Avar
Shushanovka	43.20156	46.98195	Avar	Avar	Nakh-Daghestanian	Daghestan	Avar
Sikar	42.07966	46.41127	Avar	Avar	Nakh-Daghestanian	Daghestan	Avar
Sil'di	42.4552	45.92715	Avar	Avar	Nakh-Daghestanian	Daghestan	Avar
Silta	42.38728	47.07127	Avar	Avar	Nakh-Daghestanian	Daghestan	Avar
Simsir	43.31315	46.54329	Chechen	Nakh	Nakh-Daghestanian	Daghestan	Chechen
Sinida	42.20341	46.39071	Avar	Avar	Nakh-Daghestanian	Daghestan	Avar
Siukh	42.5999	46.54462	Karata	Andic	Nakh-Daghestanian	Daghestan	other Andic
Sodab	42.215081	46.81015	Avar	Avar	Nakh-Daghestanian	Daghestan	Avar
Sogratl'	42.2808	46.9914	Avar	Avar	Nakh-Daghestanian	Daghestan	Avar
Solnechnoe	43.2761	46.5069	Chechen	Nakh	Nakh-Daghestanian	Daghestan	Chechen
Somoda	42.30272	46.5368	Avar	Avar	Nakh-Daghestanian	Daghestan	Avar
Sredniy Aradirikh	42.68121	46.58022	Avar	Avar	Nakh-Daghestanian	Daghestan	Avar
Sshulani	42.3067	46.9294	Avar	Avar	Nakh-Daghestanian	Daghestan	Avar
Stal'skoe	43.1878	46.9731	Avar	Avar	Nakh-Daghestanian	Daghestan	Avar
Staroterechnoe	43.85585	47.46163	Avar	Avar	Nakh-Daghestanian	Daghestan	Avar
Staryy Bavtugay	43.17479	46.83946	Avar	Avar	Nakh-Daghestanian	Daghestan	Avar
Staryy Sivukh	42.80278	46.43694	Avar	Avar	Nakh-Daghestanian	Daghestan	Avar
Sultan-Yangiyurt	43.21961	46.86187	Avar	Avar	Nakh-Daghestanian	Daghestan	Avar
Sumeta	42.262025	46.705541	Avar	Avar	Nakh-Daghestanian	Daghestan	Avar
Tad-Magitl'	42.550266	46.348953	Akhvakh	Andic	Nakh-Daghestanian	Daghestan	other Andic
Tad-Magitl'	42.550266	46.348953	Akhvakh	Andic	Nakh-Daghestanian	Daghestan	other Andic
Tad-Magitl'	42.550266	46.348953	Akhvakh	Andic	Nakh-Daghestanian	Daghestan	other Andic
Tad-Magitl'	42.550266	46.348953	Akhvakh	Andic	Nakh-Daghestanian	Daghestan	other Andic
Tad-Magitl'	42.550266	46.348953	Akhvakh	Andic	Nakh-Daghestanian	Daghestan	other Andic
Tadiyal	42.11099	46.4823	Avar	Avar	Nakh-Daghestanian	Daghestan	Avar
Tagada	42.497573	46.868389	Avar	Avar	Nakh-Daghestanian	Daghestan	Avar
Talsukh	42.04741	46.40589	Avar	Avar	Nakh-Daghestanian	Daghestan	Avar
Talukh	42.25652	46.74433	Avar	Avar	Nakh-Daghestanian	Daghestan	Avar
Tamuda	42.21001	46.382	Avar	Avar	Nakh-Daghestanian	Daghestan	Avar
Tando	42.707696	46.175693	Avar	Avar	Nakh-Daghestanian	Daghestan	Avar
Tantari	42.76371	46.64888	Avar	Avar	Nakh-Daghestanian	Daghestan	Avar
Tanusi	42.58233	46.69233	Avar	Avar	Nakh-Daghestanian	Daghestan	Avar
Taratul-Meer	42.619281	47.112087	Avar	Avar	Nakh-Daghestanian	Daghestan	Avar
Tarumovka	44.0733	46.5364	Avar	Avar	Nakh-Daghestanian	Daghestan	Avar
Tasuta	42.71731	46.22568	Avar	Avar	Nakh-Daghestanian	Daghestan	Avar
Tatayurt	43.5619	46.9961	Chechen	Nakh	Nakh-Daghestanian	Daghestan	Chechen
Tekita	42.630886	46.521832	Avar	Avar	Nakh-Daghestanian	Daghestan	Avar
Teletl'	42.4289	46.7317	Avar	Avar	Nakh-Daghestanian	Daghestan	Avar
Temirgoe	43.127436	47.136434	Avar	Avar	Nakh-Daghestanian	Daghestan	Avar
Tenla	42.465771	46.128629	Tindi	Andic	Nakh-Daghestanian	Daghestan	other Andic
Terechnoe	43.4358	46.4008	Avar	Avar	Nakh-Daghestanian	Daghestan	Avar
Tidib	42.3889	46.5742	Avar	Avar	Nakh-Daghestanian	Daghestan	Avar
Tilanib	42.310964	46.366528	Avar	Avar	Nakh-Daghestanian	Daghestan	Avar
Tilutl'	42.109079	46.350054	Avar	Avar	Nakh-Daghestanian	Daghestan	Avar
Tinchuda	42.19861	46.45306	Avar	Avar	Nakh-Daghestanian	Daghestan	Avar
Tindi	42.454716	46.13469	Tindi	Andic	Nakh-Daghestanian	Daghestan	other Andic
Tindi	42.454716	46.13469	Tindi	Andic	Nakh-Daghestanian	Daghestan	other Andic
Tindi	42.454716	46.13469	Tindi	Andic	Nakh-Daghestanian	Daghestan	other Andic
Tindi	42.454716	46.13469	Tindi	Andic	Nakh-Daghestanian	Daghestan	other Andic
Tindi	42.454716	46.13469	Tindi	Andic	Nakh-Daghestanian	Daghestan	other Andic
Tissi	42.48917	46.14395	Tindi	Andic	Nakh-Daghestanian	Daghestan	other Andic
Tissi-Akhitli	42.501506	46.103923	Tindi	Andic	Nakh-Daghestanian	Daghestan	other Andic
Tlaylukh	42.6208	46.52428	Avar	Avar	Nakh-Daghestanian	Daghestan	Avar
Tlezda	42.421358	46.721564	Avar	Avar	Nakh-Daghestanian	Daghestan	Avar
Tlibisho	42.56054	46.30101	Bagvalal	Andic	Nakh-Daghestanian	Daghestan	other Andic
Tlisi	42.56209	46.27428	Bagvalal	Andic	Nakh-Daghestanian	Daghestan	other Andic
Tlobzoda	42.17944	46.37111	Avar	Avar	Nakh-Daghestanian	Daghestan	Avar
Tlogob	42.4189	46.8153	Avar	Avar	Nakh-Daghestanian	Daghestan	Avar
Tlokh	42.6492	46.4578	Avar	Avar	Nakh-Daghestanian	Daghestan	Avar
Tlondoda	42.5247	46.1989	Bagvalal	Andic	Nakh-Daghestanian	Daghestan	other Andic
Tlyakh	42.389928	46.540021	Avar	Avar	Nakh-Daghestanian	Daghestan	Avar
Tlyanada	42.02864	46.51038	Avar	Avar	Nakh-Daghestanian	Daghestan	Avar
Tlyanub	42.43568	46.45745	Akhvakh	Andic	Nakh-Daghestanian	Daghestan	other Andic
Tlyarobazutl'	42.14039	46.77575	Avar	Avar	Nakh-Daghestanian	Daghestan	Avar
Tlyarosh	42.275317	46.751805	Avar	Avar	Nakh-Daghestanian	Daghestan	Avar
Tokh	42.222292	46.291546	Avar	Avar	Nakh-Daghestanian	Daghestan	Avar
Tokh-Orda	42.11174	46.35982	Avar	Avar	Nakh-Daghestanian	Daghestan	Avar
Tokhota	42.0178	46.4639	Avar	Avar	Nakh-Daghestanian	Daghestan	Avar
Tsada	42.56694	46.7125	Avar	Avar	Nakh-Daghestanian	Daghestan	Avar
Tsalada	42.42472	46.81472	Avar	Avar	Nakh-Daghestanian	Daghestan	Avar
Tsalkita	42.61798	46.57339	Avar	Avar	Nakh-Daghestanian	Daghestan	Avar
Tsamla	42.420013	46.841042	Avar	Avar	Nakh-Daghestanian	Daghestan	Avar
Tsanatl'	42.72244	46.62252	Avar	Avar	Nakh-Daghestanian	Daghestan	Avar
Tsatanikh	42.667793	46.723937	Avar	Avar	Nakh-Daghestanian	Daghestan	Avar
Tsekob	42.422785	46.450219	Akhvakh	Andic	Nakh-Daghestanian	Daghestan	other Andic
Tsel'mes	42.623464	46.538549	Avar	Avar	Nakh-Daghestanian	Daghestan	Avar
Tsemer	42.15195	46.75296	Avar	Avar	Nakh-Daghestanian	Daghestan	Avar
Tseneb	42.206684	46.842652	Avar	Avar	Nakh-Daghestanian	Daghestan	Avar
Tsiab-Ichichali	43.38712	46.61917	Avar	Avar	Nakh-Daghestanian	Daghestan	Avar
Tsibari	42.25213	45.87861	Avar	Avar	Nakh-Daghestanian	Daghestan	Avar
Tsibilta	42.74322	46.24311	Andi	Andic	Nakh-Daghestanian	Daghestan	Andi
Tsidatl'	42.51855	46.05795	Chamalal	Andic	Nakh-Daghestanian	Daghestan	other Andic
Tsilitl'	42.8125	46.4156	Avar	Avar	Nakh-Daghestanian	Daghestan	Avar
Tsimguda	42.01269	46.5665	Avar	Avar	Nakh-Daghestanian	Daghestan	Avar
Tsiyab-Tsilitli (Novo-Tsilitli)	43.48694	46.67833	Avar	Avar	Nakh-Daghestanian	Daghestan	Avar
Tsiyab-Tsoloda (Gerzel'-Kutan)	43.251968	46.413657	Avar	Avar	Nakh-Daghestanian	Daghestan	Avar
Tsoloda	42.63827	46.36626	Avar	Avar	Nakh-Daghestanian	Daghestan	Avar
Tsulda	42.27357	46.72095	Avar	Avar	Nakh-Daghestanian	Daghestan	Avar
Tsumada	42.48187	46.05247	Chamalal	Andic	Nakh-Daghestanian	Daghestan	other Andic
Tsumada-Urukh	42.474208	46.063467	Chamalal	Andic	Nakh-Daghestanian	Daghestan	other Andic
Tsumali	42.607619	46.260923	Avar	Avar	Nakh-Daghestanian	Daghestan	Avar
Tsumilukh	42.05974	46.41242	Avar	Avar	Nakh-Daghestanian	Daghestan	Avar
Tsundi	42.740996	46.436577	Avar	Avar	Nakh-Daghestanian	Daghestan	Avar
Tsurib	42.235	46.8333	Avar	Avar	Nakh-Daghestanian	Daghestan	Avar
Tsuydi	42.52334	46.07182	Chamalal	Andic	Nakh-Daghestanian	Daghestan	other Andic
Tsvakilkolo	42.55213	46.35351	Akhvakh	Andic	Nakh-Daghestanian	Daghestan	other Andic
Tsvetkovka	43.93939	46.83366	Avar	Avar	Nakh-Daghestanian	Daghestan	Avar
Tukhchar	43.2192	46.4139	Avar	Avar	Nakh-Daghestanian	Daghestan	Avar
Tukita	43.489353	46.613481	Karata	Andic	Nakh-Daghestanian	Daghestan	other Andic
Tukita	43.489353	46.613481	Karata	Andic	Nakh-Daghestanian	Daghestan	other Andic
Tukita	43.489353	46.613481	Karata	Andic	Nakh-Daghestanian	Daghestan	other Andic
Tukita	43.489353	46.613481	Karata	Andic	Nakh-Daghestanian	Daghestan	other Andic
Tukita	43.489353	46.613481	Karata	Andic	Nakh-Daghestanian	Daghestan	other Andic
Tukita	43.489353	46.613481	Karata	Andic	Nakh-Daghestanian	Daghestan	other Andic
Tukita	43.489353	46.613481	Karata	Andic	Nakh-Daghestanian	Daghestan	other Andic
Tukita	43.489353	46.613481	Karata	Andic	Nakh-Daghestanian	Daghestan	other Andic
Tumagari	42.58165	46.60662	Avar	Avar	Nakh-Daghestanian	Daghestan	Avar
Tunzi	42.46888	46.97573	Avar	Avar	Nakh-Daghestanian	Daghestan	Avar
Turshunay	43.6003	46.6642	Avar	Avar	Nakh-Daghestanian	Daghestan	Avar
Tushilovka	44.3092	46.8814	Avar	Avar	Nakh-Daghestanian	Daghestan	Avar
Tutlar	43.46703	46.68876	Chechen	Nakh	Nakh-Daghestanian	Daghestan	Chechen
Tyube	43.051429	47.286806	Avar	Avar	Nakh-Daghestanian	Daghestan	Avar
Uchkent	43.1136	47.0794	Avar	Avar	Nakh-Daghestanian	Daghestan	Avar
Ukal	42.12163	46.34771	Avar	Avar	Nakh-Daghestanian	Daghestan	Avar
Ukrainskoe	43.91396	47.00889	Chechen	Nakh	Nakh-Daghestanian	Daghestan	Chechen
Ul'geb	41.964253	46.523688	Avar	Avar	Nakh-Daghestanian	Daghestan	Avar
Umarotar	43.42388	46.69025	Chechen	Nakh	Nakh-Daghestanian	Daghestan	Chechen
Umashaul	43.32606	46.69719	Avar	Avar	Nakh-Daghestanian	Daghestan	Avar
Unkida	42.328698	46.885731	Avar	Avar	Nakh-Daghestanian	Daghestan	Avar
Untsukul'	42.7131	46.7875	Avar	Avar	Nakh-Daghestanian	Daghestan	Avar
Unty	42.311452	46.944631	Avar	Avar	Nakh-Daghestanian	Daghestan	Avar
Urada	42.3822	46.5617	Avar	Avar	Nakh-Daghestanian	Daghestan	Avar
Urchiab	42.657739	47.016338	Avar	Avar	Nakh-Daghestanian	Daghestan	Avar
Urchukh	42.325548	46.495518	Avar	Avar	Nakh-Daghestanian	Daghestan	Avar
Urib	42.4564	46.6736	Avar	Avar	Nakh-Daghestanian	Daghestan	Avar
Urma	42.5383	47.2869	Avar	Avar	Nakh-Daghestanian	Daghestan	Avar
Urukh-Sota	42.24222	46.67694	Avar	Avar	Nakh-Daghestanian	Daghestan	Avar
Utlukh	42.267533	46.730055	Avar	Avar	Nakh-Daghestanian	Daghestan	Avar
Utsmiyurt	43.5342	46.4703	Avar	Avar	Nakh-Daghestanian	Daghestan	Avar
Uzdalroso	42.48612	46.85577	Avar	Avar	Nakh-Daghestanian	Daghestan	Avar
Verkhnee Inkhelo	42.62035	46.329732	Karata	Andic	Nakh-Daghestanian	Daghestan	other Andic
Verkhnee Inkho	42.70659	46.50415	Avar	Avar	Nakh-Daghestanian	Daghestan	Avar
Verkhnie Akhalchi	42.59911	46.63581	Avar	Avar	Nakh-Daghestanian	Daghestan	Avar
Verkhnie Gakvari	42.547874	46.032686	Chamalal	Andic	Nakh-Daghestanian	Daghestan	other Andic
Verkhnie Gakvari	42.547874	46.032686	Chamalal	Andic	Nakh-Daghestanian	Daghestan	other Andic
Verkhnie Gakvari	42.547874	46.032686	Chamalal	Andic	Nakh-Daghestanian	Daghestan	other Andic
Verkhnie Gakvari	42.547874	46.032686	Chamalal	Andic	Nakh-Daghestanian	Daghestan	other Andic
Verkhnie Gakvari	42.547874	46.032686	Chamalal	Andic	Nakh-Daghestanian	Daghestan	other Andic
Verkhnie Gakvari	42.547874	46.032686	Chamalal	Andic	Nakh-Daghestanian	Daghestan	other Andic
Verkhnie Gakvari	42.547874	46.032686	Chamalal	Andic	Nakh-Daghestanian	Daghestan	other Andic
Verkhnie Gakvari	42.547874	46.032686	Chamalal	Andic	Nakh-Daghestanian	Daghestan	other Andic
Verkhnie Khvarshini	42.41088	45.84551	Avar	Avar	Nakh-Daghestanian	Daghestan	Avar
Verkhniy Aradirikh	42.67099	46.60372	Avar	Avar	Nakh-Daghestanian	Daghestan	Avar
Verkhniy Batlukh	42.496276	46.502217	Avar	Avar	Nakh-Daghestanian	Daghestan	Avar
Verkhniy Dzhengutay	42.67476	47.23415	Avar	Avar	Nakh-Daghestanian	Daghestan	Avar
Verkhniy Karanay	42.8281	46.9072	Avar	Avar	Nakh-Daghestanian	Daghestan	Avar
Verkhniy Kolob	42.42614	46.6579	Avar	Avar	Nakh-Daghestanian	Daghestan	Avar
Verkhniy Togokh	42.430206	46.698316	Avar	Avar	Nakh-Daghestanian	Daghestan	Avar
Vinogradnoe	43.9167	46.81963	Avar	Avar	Nakh-Daghestanian	Daghestan	Avar
Yamansu (Shushiya)	43.13546	46.425114	Chechen	Nakh	Nakh-Daghestanian	Daghestan	Chechen
Yefimovka	43.84302	46.79782	Avar	Avar	Nakh-Daghestanian	Daghestan	Avar
Yurkovka	44.1789	46.6797	Avar	Avar	Nakh-Daghestanian	Daghestan	Avar
Yuzhnoe	43.8169	46.7242	Avar	Avar	Nakh-Daghestanian	Daghestan	Avar
Zaib	42.489364	46.707472	Avar	Avar	Nakh-Daghestanian	Daghestan	Avar
Zanata	42.485146	46.552771	Avar	Avar	Nakh-Daghestanian	Daghestan	Avar
Zarechnoe	43.76292	46.58238	Avar	Avar	Nakh-Daghestanian	Daghestan	Avar
Zarya Kommuny	43.89784	46.73016	Avar	Avar	Nakh-Daghestanian	Daghestan	Avar
Zhazhada	42.197157	46.424903	Avar	Avar	Nakh-Daghestanian	Daghestan	Avar
Zibirkhali	42.66833	46.07194	Godoberi	Andic	Nakh-Daghestanian	Daghestan	other Andic
Zilo	42.731394	46.319223	Andi	Andic	Nakh-Daghestanian	Daghestan	Andi
Zilo	42.731394	46.319223	Andi	Andic	Nakh-Daghestanian	Daghestan	Andi
Zilo	42.731394	46.319223	Andi	Andic	Nakh-Daghestanian	Daghestan	Andi
Zilo	42.731394	46.319223	Andi	Andic	Nakh-Daghestanian	Daghestan	Andi
Zilo	42.731394	46.319223	Andi	Andic	Nakh-Daghestanian	Daghestan	Andi
Zirani	42.61797	46.94436	Avar	Avar	Nakh-Daghestanian	Daghestan	Avar
Ziurib	42.41789	46.705088	Avar	Avar	Nakh-Daghestanian	Daghestan	Avar
Zubutli-Miatli (TsIobok'-Miyak'o)	43.1978	46.8122	Avar	Avar	Nakh-Daghestanian	Daghestan	Avar
	43.160556	46.013889	Chechen	Nakh	Nakh-Daghestanian	Chechnya	Chechen
	43.012222	46.108056	Chechen	Nakh	Nakh-Daghestanian	Chechnya	Chechen
	43.021667	45.891389	Chechen	Nakh	Nakh-Daghestanian	Chechnya	Chechen
-	43.418889	46.286111	Chechen	Nakh	Nakh-Daghestanian	Chechnya	Chechen
-	43.090278	46.346944	Chechen	Nakh	Nakh-Daghestanian	Chechnya	Chechen
	42.856944	45.240278	Chechen	Nakh	Nakh-Daghestanian	Chechnya	Chechen
	42.751391	46.050726	Chechen	Nakh	Nakh-Daghestanian	Chechnya	Chechen
	43.213889	46.289722	Chechen	Nakh	Nakh-Daghestanian	Chechnya	Chechen
	43.704722	45.240833	Chechen	Nakh	Nakh-Daghestanian	Chechnya	Chechen
	43.062222	45.654722	Chechen	Nakh	Nakh-Daghestanian	Chechnya	Chechen
-	43.260556	45.535278	Chechen	Nakh	Nakh-Daghestanian	Chechnya	Chechen
-	42.969722	46.351667	Chechen	Nakh	Nakh-Daghestanian	Chechnya	Chechen
-	43.230833	45.565556	Chechen	Nakh	Nakh-Daghestanian	Chechnya	Chechen
	42.869444	45.305556	Chechen	Nakh	Nakh-Daghestanian	Chechnya	Chechen
	42.898611	45.2875	Chechen	Nakh	Nakh-Daghestanian	Chechnya	Chechen
	42.807979	45.971635	Chechen	Nakh	Nakh-Daghestanian	Chechnya	Chechen
	43.294444	45.883889	Chechen	Nakh	Nakh-Daghestanian	Chechnya	Chechen
-	42.755433	46.027349	Chechen	Nakh	Nakh-Daghestanian	Chechnya	Chechen
	42.725755	46.034167	Chechen	Nakh	Nakh-Daghestanian	Chechnya	Chechen
-	42.841637	45.754997	Chechen	Nakh	Nakh-Daghestanian	Chechnya	Chechen
-	43.13	46.195833	Chechen	Nakh	Nakh-Daghestanian	Chechnya	Chechen
	42.784786	45.971356	Chechen	Nakh	Nakh-Daghestanian	Chechnya	Chechen
	43.080475	46.136395	Chechen	Nakh	Nakh-Daghestanian	Chechnya	Chechen
-	43.189167	45.284722	Chechen	Nakh	Nakh-Daghestanian	Chechnya	Chechen
	42.7575	45.450833	Chechen	Nakh	Nakh-Daghestanian	Chechnya	Chechen
	42.816586	45.926653	Chechen	Nakh	Nakh-Daghestanian	Chechnya	Chechen
	43.02	46.475556	Chechen	Nakh	Nakh-Daghestanian	Chechnya	Chechen
	42.818714	45.930168	Chechen	Nakh	Nakh-Daghestanian	Chechnya	Chechen
	43.120833	46.387778	Chechen	Nakh	Nakh-Daghestanian	Chechnya	Chechen
	43.1575	45.199722	Chechen	Nakh	Nakh-Daghestanian	Chechnya	Chechen
	43.453913	45.230875	Chechen	Nakh	Nakh-Daghestanian	Chechnya	Chechen
-	43.044439	46.213426	Chechen	Nakh	Nakh-Daghestanian	Chechnya	Chechen
 	42.915278	45.277778	Chechen	Nakh	Nakh-Daghestanian	Chechnya	Chechen
	42.72353	45.28124	Chechen	Nakh	Nakh-Daghestanian	Chechnya	Chechen
	42.741171	45.547363	Chechen	Nakh	Nakh-Daghestanian	Chechnya	Chechen
	42.726667	45.4225	Chechen	Nakh	Nakh-Daghestanian	Chechnya	Chechen
	43.770778	45.675793	Chechen	Nakh	Nakh-Daghestanian	Chechnya	Chechen
	42.7575	45.450833	Chechen	Nakh	Nakh-Daghestanian	Chechnya	Chechen
-	43.216389	46.193889	Chechen	Nakh	Nakh-Daghestanian	Chechnya	Chechen
-	42.805843	45.619154	Chechen	Nakh	Nakh-Daghestanian	Chechnya	Chechen
	43.650834	45.674939	Chechen	Nakh	Nakh-Daghestanian	Chechnya	Chechen
	42.798395	45.975564	Chechen	Nakh	Nakh-Daghestanian	Chechnya	Chechen
	42.7291	45.368891	Chechen	Nakh	Nakh-Daghestanian	Chechnya	Chechen
-	42.857429	45.714459	Chechen	Nakh	Nakh-Daghestanian	Chechnya	Chechen
	42.980833	46.213056	Chechen	Nakh	Nakh-Daghestanian	Chechnya	Chechen
	43.10407	46.168959	Chechen	Nakh	Nakh-Daghestanian	Chechnya	Chechen
	42.741458	45.221111	Chechen	Nakh	Nakh-Daghestanian	Chechnya	Chechen
-	43.689722	45.051944	Chechen	Nakh	Nakh-Daghestanian	Chechnya	Chechen
	43.063611	46.014167	Chechen	Nakh	Nakh-Daghestanian	Chechnya	Chechen
-	42.9475	46.280833	Chechen	Nakh	Nakh-Daghestanian	Chechnya	Chechen
-	43.323611	45.829722	Chechen	Nakh	Nakh-Daghestanian	Chechnya	Chechen
-	43.11527	46.33604	Chechen	Nakh	Nakh-Daghestanian	Chechnya	Chechen
	42.72	45.49	Chechen	Nakh	Nakh-Daghestanian	Chechnya	Chechen
-	43.124972	46.304227	Chechen	Nakh	Nakh-Daghestanian	Chechnya	Chechen
-	43.2825	46.295278	Chechen	Nakh	Nakh-Daghestanian	Chechnya	Chechen
	43.056106	46.347876	Chechen	Nakh	Nakh-Daghestanian	Chechnya	Chechen
	42.847648	45.277371	Chechen	Nakh	Nakh-Daghestanian	Chechnya	Chechen
	42.824533	45.86431	Chechen	Nakh	Nakh-Daghestanian	Chechnya	Chechen
 	42.901111	45.684167	Chechen	Nakh	Nakh-Daghestanian	Chechnya	Chechen
-	42.96511	45.33223	Chechen	Nakh	Nakh-Daghestanian	Chechnya	Chechen
	42.8425	45.628056	Chechen	Nakh	Nakh-Daghestanian	Chechnya	Chechen
	43.81	46.590833	Chechen	Nakh	Nakh-Daghestanian	Chechnya	Chechen
	42.776391	45.902043	Chechen	Nakh	Nakh-Daghestanian	Chechnya	Chechen
	42.72694	45.54556	Chechen	Nakh	Nakh-Daghestanian	Chechnya	Chechen
	43.44	46.096944	Chechen	Nakh	Nakh-Daghestanian	Chechnya	Chechen
	43.649167	44.883611	Chechen	Nakh	Nakh-Daghestanian	Chechnya	Chechen
	42.754722	45.616667	Chechen	Nakh	Nakh-Daghestanian	Chechnya	Chechen
-	42.981873	46.372068	Chechen	Nakh	Nakh-Daghestanian	Chechnya	Chechen
	42.725755	46.034167	Chechen	Nakh	Nakh-Daghestanian	Chechnya	Chechen
	43.860278	45.777778	Chechen	Nakh	Nakh-Daghestanian	Chechnya	Chechen
	42.661389	45.97	Chechen	Nakh	Nakh-Daghestanian	Chechnya	Chechen
	42.81474	45.3854	Chechen	Nakh	Nakh-Daghestanian	Chechnya	Chechen
	43.176389	45.404167	Chechen	Nakh	Nakh-Daghestanian	Chechnya	Chechen
	42.956944	46.110278	Chechen	Nakh	Nakh-Daghestanian	Chechnya	Chechen
	42.684722	45.568611	Chechen	Nakh	Nakh-Daghestanian	Chechnya	Chechen
	43.030871	46.02981	Chechen	Nakh	Nakh-Daghestanian	Chechnya	Chechen
 -	43.010956	46.061483	Chechen	Nakh	Nakh-Daghestanian	Chechnya	Chechen
 	43.011249	46.194426	Chechen	Nakh	Nakh-Daghestanian	Chechnya	Chechen
 	42.9625	45.385776	Chechen	Nakh	Nakh-Daghestanian	Chechnya	Chechen
 	42.808056	45.2475	Chechen	Nakh	Nakh-Daghestanian	Chechnya	Chechen
 	43.613611	45.2475	Chechen	Nakh	Nakh-Daghestanian	Chechnya	Chechen
 	43.255556	46.283056	Chechen	Nakh	Nakh-Daghestanian	Chechnya	Chechen
 	42.675278	45.644722	Chechen	Nakh	Nakh-Daghestanian	Chechnya	Chechen
-	42.809444	45.42	Chechen	Nakh	Nakh-Daghestanian	Chechnya	Chechen
	43.463333	45.861111	Chechen	Nakh	Nakh-Daghestanian	Chechnya	Chechen
	42.857222	45.238333	Chechen	Nakh	Nakh-Daghestanian	Chechnya	Chechen
	43.554722	46.385278	Chechen	Nakh	Nakh-Daghestanian	Chechnya	Chechen
	43.852125	46.40915	Chechen	Nakh	Nakh-Daghestanian	Chechnya	Chechen
	42.871377	45.617187	Chechen	Nakh	Nakh-Daghestanian	Chechnya	Chechen
	42.845041	45.690766	Chechen	Nakh	Nakh-Daghestanian	Chechnya	Chechen
	43.529071	45.69083	Chechen	Nakh	Nakh-Daghestanian	Chechnya	Chechen
	42.833774	45.936593	Chechen	Nakh	Nakh-Daghestanian	Chechnya	Chechen
	43.174167	46.388056	Chechen	Nakh	Nakh-Daghestanian	Chechnya	Chechen
	42.883333	45.3	Chechen	Nakh	Nakh-Daghestanian	Chechnya	Chechen
	43.124492	46.2406	Chechen	Nakh	Nakh-Daghestanian	Chechnya	Chechen
	43.673333	45.051944	Chechen	Nakh	Nakh-Daghestanian	Chechnya	Chechen
	42.733611	45.441667	Chechen	Nakh	Nakh-Daghestanian	Chechnya	Chechen
	42.733611	45.441667	Chechen	Nakh	Nakh-Daghestanian	Chechnya	Chechen
	43.052957	46.171268	Chechen	Nakh	Nakh-Daghestanian	Chechnya	Chechen
	43.215278	46.040278	Chechen	Nakh	Nakh-Daghestanian	Chechnya	Chechen
	42.791802	45.30704	Chechen	Nakh	Nakh-Daghestanian	Chechnya	Chechen
	43.021944	46.334722	Chechen	Nakh	Nakh-Daghestanian	Chechnya	Chechen
-	43.249167	46.3975	Chechen	Nakh	Nakh-Daghestanian	Chechnya	Chechen
	43.188889	45.924444	Chechen	Nakh	Nakh-Daghestanian	Chechnya	Chechen
	43.161389	45.471111	Chechen	Nakh	Nakh-Daghestanian	Chechnya	Chechen
-	43.094444	45.412222	Chechen	Nakh	Nakh-Daghestanian	Chechnya	Chechen
	42.783688	45.317959	Chechen	Nakh	Nakh-Daghestanian	Chechnya	Chechen
	43.229167	45.733611	Chechen	Nakh	Nakh-Daghestanian	Chechnya	Chechen
	43.078889	46.48	Chechen	Nakh	Nakh-Daghestanian	Chechnya	Chechen
-	43.056111	45.608611	Chechen	Nakh	Nakh-Daghestanian	Chechnya	Chechen
	43.086667	45.600278	Chechen	Nakh	Nakh-Daghestanian	Chechnya	Chechen
	43.164167	45.622222	Chechen	Nakh	Nakh-Daghestanian	Chechnya	Chechen
	42.855068	45.666837	Chechen	Nakh	Nakh-Daghestanian	Chechnya	Chechen
	43.042119	46.226801	Chechen	Nakh	Nakh-Daghestanian	Chechnya	Chechen
-	43.285278	46.315833	Chechen	Nakh	Nakh-Daghestanian	Chechnya	Chechen
	43.428611	45.774167	Chechen	Nakh	Nakh-Daghestanian	Chechnya	Chechen
	43.526667	46.369167	Chechen	Nakh	Nakh-Daghestanian	Chechnya	Chechen
	43.316667	45.7	Chechen	Nakh	Nakh-Daghestanian	Chechnya	Chechen
	43.355278	46.099167	Chechen	Nakh	Nakh-Daghestanian	Chechnya	Chechen
	43.056667	46.106111	Chechen	Nakh	Nakh-Daghestanian	Chechnya	Chechen
	43.393951	45.38172	Chechen	Nakh	Nakh-Daghestanian	Chechnya	Chechen
-	43.00056	46.33806	Chechen	Nakh	Nakh-Daghestanian	Chechnya	Chechen
	42.955419	45.313221	Chechen	Nakh	Nakh-Daghestanian	Chechnya	Chechen
	42.791944	45.55	Chechen	Nakh	Nakh-Daghestanian	Chechnya	Chechen
-	42.796944	45.63	Chechen	Nakh	Nakh-Daghestanian	Chechnya	Chechen
-	42.85526	45.685567	Chechen	Nakh	Nakh-Daghestanian	Chechnya	Chechen
	43.271389	45.26	Chechen	Nakh	Nakh-Daghestanian	Chechnya	Chechen
	42.771944	45.854722	Chechen	Nakh	Nakh-Daghestanian	Chechnya	Chechen
	43.789633	45.092068	Chechen	Nakh	Nakh-Daghestanian	Chechnya	Chechen
	43.3975	46.031944	Chechen	Nakh	Nakh-Daghestanian	Chechnya	Chechen
	43.011389	46.398333	Chechen	Nakh	Nakh-Daghestanian	Chechnya	Chechen
-	43.009167	45.726389	Chechen	Nakh	Nakh-Daghestanian	Chechnya	Chechen
-	43.110833	46.3	Chechen	Nakh	Nakh-Daghestanian	Chechnya	Chechen
-	42.997483	46.296816	Chechen	Nakh	Nakh-Daghestanian	Chechnya	Chechen
-	42.835555	45.731973	Chechen	Nakh	Nakh-Daghestanian	Chechnya	Chechen
	43.111389	46.109167	Chechen	Nakh	Nakh-Daghestanian	Chechnya	Chechen
	43.318889	45.993611	Chechen	Nakh	Nakh-Daghestanian	Chechnya	Chechen
-	43.061111	46.136389	Chechen	Nakh	Nakh-Daghestanian	Chechnya	Chechen
	42.762717	45.401728	Chechen	Nakh	Nakh-Daghestanian	Chechnya	Chechen
	42.764119	46.062327	Chechen	Nakh	Nakh-Daghestanian	Chechnya	Chechen
	42.929167	45.305556	Chechen	Nakh	Nakh-Daghestanian	Chechnya	Chechen
	43.16	46.176667	Chechen	Nakh	Nakh-Daghestanian	Chechnya	Chechen
	42.834107	45.924044	Chechen	Nakh	Nakh-Daghestanian	Chechnya	Chechen
	42.70201	45.28279	Chechen	Nakh	Nakh-Daghestanian	Chechnya	Chechen
	43.405892	45.383715	Chechen	Nakh	Nakh-Daghestanian	Chechnya	Chechen
	43.403333	45.6575	Chechen	Nakh	Nakh-Daghestanian	Chechnya	Chechen
 	43.019082	45.71085	Chechen	Nakh	Nakh-Daghestanian	Chechnya	Chechen
-	43.040278	45.730278	Chechen	Nakh	Nakh-Daghestanian	Chechnya	Chechen
	43.793333	46.5525	Chechen	Nakh	Nakh-Daghestanian	Chechnya	Chechen
-	42.928047	45.850196	Chechen	Nakh	Nakh-Daghestanian	Chechnya	Chechen
-	42.951389	46.134722	Chechen	Nakh	Nakh-Daghestanian	Chechnya	Chechen
-	42.96084	45.26747	Chechen	Nakh	Nakh-Daghestanian	Chechnya	Chechen
	42.830556	45.190278	Chechen	Nakh	Nakh-Daghestanian	Chechnya	Chechen
-	42.97189	45.25772	Chechen	Nakh	Nakh-Daghestanian	Chechnya	Chechen
-	43.263611	45.419167	Chechen	Nakh	Nakh-Daghestanian	Chechnya	Chechen
-	43.150833	46.378889	Chechen	Nakh	Nakh-Daghestanian	Chechnya	Chechen
	43.058333	46.455833	Chechen	Nakh	Nakh-Daghestanian	Chechnya	Chechen
-	43.028604	46.352359	Chechen	Nakh	Nakh-Daghestanian	Chechnya	Chechen
	42.940751	45.42166	Chechen	Nakh	Nakh-Daghestanian	Chechnya	Chechen
-	43.508333	45.357778	Chechen	Nakh	Nakh-Daghestanian	Chechnya	Chechen
	43.818442	45.983529	Chechen	Nakh	Nakh-Daghestanian	Chechnya	Chechen
	42.845833	45.272222	Chechen	Nakh	Nakh-Daghestanian	Chechnya	Chechen
	43.677778	45.128056	Chechen	Nakh	Nakh-Daghestanian	Chechnya	Chechen
	42.948333	45.722222	Chechen	Nakh	Nakh-Daghestanian	Chechnya	Chechen
	42.758333	45.640278	Chechen	Nakh	Nakh-Daghestanian	Chechnya	Chechen
	42.771111	45.448333	Chechen	Nakh	Nakh-Daghestanian	Chechnya	Chechen
	42.735345	45.212748	Chechen	Nakh	Nakh-Daghestanian	Chechnya	Chechen
-	43.278889	46.098333	Chechen	Nakh	Nakh-Daghestanian	Chechnya	Chechen
	43.364167	45.95	Chechen	Nakh	Nakh-Daghestanian	Chechnya	Chechen
	42.8764	45.25482	Chechen	Nakh	Nakh-Daghestanian	Chechnya	Chechen
-	43.07445	46.275598	Chechen	Nakh	Nakh-Daghestanian	Chechnya	Chechen
-	42.730833	45.571944	Chechen	Nakh	Nakh-Daghestanian	Chechnya	Chechen
	42.88168	45.25964	Chechen	Nakh	Nakh-Daghestanian	Chechnya	Chechen
	42.735663	46.083421	Chechen	Nakh	Nakh-Daghestanian	Chechnya	Chechen
-	43.077261	46.358045	Chechen	Nakh	Nakh-Daghestanian	Chechnya	Chechen
-	43.215833	46.391111	Chechen	Nakh	Nakh-Daghestanian	Chechnya	Chechen
	43.715278	45.133333	Chechen	Nakh	Nakh-Daghestanian	Chechnya	Chechen
-	43.313889	46.311944	Chechen	Nakh	Nakh-Daghestanian	Chechnya	Chechen
	42.7332	45.25552	Chechen	Nakh	Nakh-Daghestanian	Chechnya	Chechen
	43.561111	45.098611	Chechen	Nakh	Nakh-Daghestanian	Chechnya	Chechen
	43.576944	45.522222	Chechen	Nakh	Nakh-Daghestanian	Chechnya	Chechen
	42.706181	45.280203	Chechen	Nakh	Nakh-Daghestanian	Chechnya	Chechen
	43.776929	45.334864	Chechen	Nakh	Nakh-Daghestanian	Chechnya	Chechen
	43.743056	46.476389	Chechen	Nakh	Nakh-Daghestanian	Chechnya	Chechen
-	43.572778	46.17	Chechen	Nakh	Nakh-Daghestanian	Chechnya	Chechen
-	43.168611	45.368056	Chechen	Nakh	Nakh-Daghestanian	Chechnya	Chechen
	42.758113	46.120906	Chechen	Nakh	Nakh-Daghestanian	Chechnya	Chechen
	42.8225	45.224167	Chechen	Nakh	Nakh-Daghestanian	Chechnya	Chechen
	42.898333	45.443333	Chechen	Nakh	Nakh-Daghestanian	Chechnya	Chechen
-	42.922338	45.455311	Chechen	Nakh	Nakh-Daghestanian	Chechnya	Chechen
-	42.936872	45.871524	Chechen	Nakh	Nakh-Daghestanian	Chechnya	Chechen
	42.763056	45.357778	Chechen	Nakh	Nakh-Daghestanian	Chechnya	Chechen
	42.641667	45.945556	Chamalal	Andic	Nakh-Daghestanian	Chechnya	other Andic
-	43.544444	45.512222	Chechen	Nakh	Nakh-Daghestanian	Chechnya	Chechen
	42.84784	45.28642	Chechen	Nakh	Nakh-Daghestanian	Chechnya	Chechen
-	43.399879	45.307771	Chechen	Nakh	Nakh-Daghestanian	Chechnya	Chechen
	42.602778	45.74	Chechen	Nakh	Nakh-Daghestanian	Chechnya	Chechen
	42.986147	45.273358	Chechen	Nakh	Nakh-Daghestanian	Chechnya	Chechen
	42.87523	45.31163	Chechen	Nakh	Nakh-Daghestanian	Chechnya	Chechen
	42.88328	45.32175	Chechen	Nakh	Nakh-Daghestanian	Chechnya	Chechen
	42.674722	45.914167	Chechen	Nakh	Nakh-Daghestanian	Chechnya	Chechen
	43.753473	45.445968	Chechen	Nakh	Nakh-Daghestanian	Chechnya	Chechen
	43.513056	46.244722	Chechen	Nakh	Nakh-Daghestanian	Chechnya	Chechen
	42.840278	45.223611	Chechen	Nakh	Nakh-Daghestanian	Chechnya	Chechen
	43.72561	45.555419	Chechen	Nakh	Nakh-Daghestanian	Chechnya	Chechen
	42.749722	45.583889	Chechen	Nakh	Nakh-Daghestanian	Chechnya	Chechen
	43.521389	45.0425	Chechen	Nakh	Nakh-Daghestanian	Chechnya	Chechen
	43.271389	45.825556	Chechen	Nakh	Nakh-Daghestanian	Chechnya	Chechen
	42.76104	45.591216	Chechen	Nakh	Nakh-Daghestanian	Chechnya	Chechen
-	43.089976	46.146151	Chechen	Nakh	Nakh-Daghestanian	Chechnya	Chechen
	42.73195	45.4	Chechen	Nakh	Nakh-Daghestanian	Chechnya	Chechen
	43.918603	45.602841	Chechen	Nakh	Nakh-Daghestanian	Chechnya	Chechen
	42.7175	45.263333	Chechen	Nakh	Nakh-Daghestanian	Chechnya	Chechen
	43.695278	45.767778	Chechen	Nakh	Nakh-Daghestanian	Chechnya	Chechen
	43.253056	46.349167	Chechen	Nakh	Nakh-Daghestanian	Chechnya	Chechen
	43.243264	45.546768	Chechen	Nakh	Nakh-Daghestanian	Chechnya	Chechen
	43.352778	45.446678	Chechen	Nakh	Nakh-Daghestanian	Chechnya	Chechen
	43.906622	45.0916	Chechen	Nakh	Nakh-Daghestanian	Chechnya	Chechen
	43.238333	45.500278	Chechen	Nakh	Nakh-Daghestanian	Chechnya	Chechen
	42.725755	46.034167	Chechen	Nakh	Nakh-Daghestanian	Chechnya	Chechen
	42.767584	45.956857	Chechen	Nakh	Nakh-Daghestanian	Chechnya	Chechen
	42.811878	45.300976	Chechen	Nakh	Nakh-Daghestanian	Chechnya	Chechen
	43.691111	46.45	Chechen	Nakh	Nakh-Daghestanian	Chechnya	Chechen
	43.204444	46.087778	Chechen	Nakh	Nakh-Daghestanian	Chechnya	Chechen
-	43.044444	45.708889	Chechen	Nakh	Nakh-Daghestanian	Chechnya	Chechen
	43.570556	45.630556	Chechen	Nakh	Nakh-Daghestanian	Chechnya	Chechen
-	42.946425	46.313219	Chechen	Nakh	Nakh-Daghestanian	Chechnya	Chechen
	42.8525	45.876389	Chechen	Nakh	Nakh-Daghestanian	Chechnya	Chechen
	42.70167	45.47944	Chechen	Nakh	Nakh-Daghestanian	Chechnya	Chechen
	42.964722	45.380556	Chechen	Nakh	Nakh-Daghestanian	Chechnya	Chechen
	43.835318	45.489437	Chechen	Nakh	Nakh-Daghestanian	Chechnya	Chechen
	43.204167	46.131944	Chechen	Nakh	Nakh-Daghestanian	Chechnya	Chechen
	43.473425	45.12623	Chechen	Nakh	Nakh-Daghestanian	Chechnya	Chechen
	42.749168	46.064999	Chechen	Nakh	Nakh-Daghestanian	Chechnya	Chechen
	42.714121	46.046985	Chechen	Nakh	Nakh-Daghestanian	Chechnya	Chechen
 	43.080556	46.222778	Chechen	Nakh	Nakh-Daghestanian	Chechnya	Chechen
 	42.939051	45.5161	Chechen	Nakh	Nakh-Daghestanian	Chechnya	Chechen
	42.795508	46.018485	Chechen	Nakh	Nakh-Daghestanian	Chechnya	Chechen
-	43.086401	46.101729	Chechen	Nakh	Nakh-Daghestanian	Chechnya	Chechen
-	43.068056	45.555278	Chechen	Nakh	Nakh-Daghestanian	Chechnya	Chechen
	42.963611	45.906389	Chechen	Nakh	Nakh-Daghestanian	Chechnya	Chechen
	42.86143	45.30445	Chechen	Nakh	Nakh-Daghestanian	Chechnya	Chechen
-	43.608611	45.405833	Chechen	Nakh	Nakh-Daghestanian	Chechnya	Chechen
	43.668889	45.384444	Chechen	Nakh	Nakh-Daghestanian	Chechnya	Chechen
	43.310035	46.18759	Chechen	Nakh	Nakh-Daghestanian	Chechnya	Chechen
	43.01556	46.127196	Chechen	Nakh	Nakh-Daghestanian	Chechnya	Chechen
-	43.251389	45.909444	Chechen	Nakh	Nakh-Daghestanian	Chechnya	Chechen
	43.161389	46.357778	Chechen	Nakh	Nakh-Daghestanian	Chechnya	Chechen
	43.055158	46.394023	Chechen	Nakh	Nakh-Daghestanian	Chechnya	Chechen
	42.752222	45.178611	Chechen	Nakh	Nakh-Daghestanian	Chechnya	Chechen
	42.791802	45.30704	Chechen	Nakh	Nakh-Daghestanian	Chechnya	Chechen
	43.694859	45.476983	Chechen	Nakh	Nakh-Daghestanian	Chechnya	Chechen
	42.889705	45.370211	Chechen	Nakh	Nakh-Daghestanian	Chechnya	Chechen
	42.78464	45.38695	Chechen	Nakh	Nakh-Daghestanian	Chechnya	Chechen
	42.815278	45.534167	Chechen	Nakh	Nakh-Daghestanian	Chechnya	Chechen
	42.841914	45.736043	Chechen	Nakh	Nakh-Daghestanian	Chechnya	Chechen
-	42.833849	45.772461	Chechen	Nakh	Nakh-Daghestanian	Chechnya	Chechen
	42.914444	45.408889	Chechen	Nakh	Nakh-Daghestanian	Chechnya	Chechen
	43.506683	45.787822	Chechen	Nakh	Nakh-Daghestanian	Chechnya	Chechen
	43.417064	45.1803	Chechen	Nakh	Nakh-Daghestanian	Chechnya	Chechen
	43.618611	45.338889	Chechen	Nakh	Nakh-Daghestanian	Chechnya	Chechen
	43.648611	45.314722	Chechen	Nakh	Nakh-Daghestanian	Chechnya	Chechen
	42.736884	45.242665	Chechen	Nakh	Nakh-Daghestanian	Chechnya	Chechen
	42.813029	45.905298	Chechen	Nakh	Nakh-Daghestanian	Chechnya	Chechen
	42.956646	46.085505	Chechen	Nakh	Nakh-Daghestanian	Chechnya	Chechen
 	43.02774	46.16736	Chechen	Nakh	Nakh-Daghestanian	Chechnya	Chechen
 	42.952566	45.402498	Chechen	Nakh	Nakh-Daghestanian	Chechnya	Chechen
 	42.8	45.266667	Chechen	Nakh	Nakh-Daghestanian	Chechnya	Chechen
 	43.266667	46.278889	Chechen	Nakh	Nakh-Daghestanian	Chechnya	Chechen
	42.822218	45.366323	Chechen	Nakh	Nakh-Daghestanian	Chechnya	Chechen
-	43.115634	46.069614	Chechen	Nakh	Nakh-Daghestanian	Chechnya	Chechen
	43.531389	45.772222	Chechen	Nakh	Nakh-Daghestanian	Chechnya	Chechen
	42.840278	45.662778	Chechen	Nakh	Nakh-Daghestanian	Chechnya	Chechen
-	43.485833	46.101389	Chechen	Nakh	Nakh-Daghestanian	Chechnya	Chechen
 	43.587222	45.681944	Chechen	Nakh	Nakh-Daghestanian	Chechnya	Chechen
	43.602222	45.589444	Chechen	Nakh	Nakh-Daghestanian	Chechnya	Chechen
 	43.127778	45.791111	Chechen	Nakh	Nakh-Daghestanian	Chechnya	Chechen
 -	43.134106	46.358098	Chechen	Nakh	Nakh-Daghestanian	Chechnya	Chechen
 	43.254444	45.277778	Chechen	Nakh	Nakh-Daghestanian	Chechnya	Chechen
 	43.308333	46.026111	Chechen	Nakh	Nakh-Daghestanian	Chechnya	Chechen
-	43.097222	46.379167	Chechen	Nakh	Nakh-Daghestanian	Chechnya	Chechen
-	42.757485	45.93201	Chechen	Nakh	Nakh-Daghestanian	Chechnya	Chechen
	43.785403	45.386589	Chechen	Nakh	Nakh-Daghestanian	Chechnya	Chechen
	43.578322	45.746836	Chechen	Nakh	Nakh-Daghestanian	Chechnya	Chechen
	42.736781	46.064346	Chechen	Nakh	Nakh-Daghestanian	Chechnya	Chechen
-	43.001515	46.316986	Chechen	Nakh	Nakh-Daghestanian	Chechnya	Chechen
	42.980278	46.080833	Chechen	Nakh	Nakh-Daghestanian	Chechnya	Chechen
-	43.556944	45.960278	Chechen	Nakh	Nakh-Daghestanian	Chechnya	Chechen
	43.514868	45.109405	Chechen	Nakh	Nakh-Daghestanian	Chechnya	Chechen
-	42.986703	46.299984	Chechen	Nakh	Nakh-Daghestanian	Chechnya	Chechen
	42.80278	45.38437	Chechen	Nakh	Nakh-Daghestanian	Chechnya	Chechen
	42.838889	45.322222	Chechen	Nakh	Nakh-Daghestanian	Chechnya	Chechen
	42.770556	45.378333	Chechen	Nakh	Nakh-Daghestanian	Chechnya	Chechen
	42.856111	45.693889	Chechen	Nakh	Nakh-Daghestanian	Chechnya	Chechen
	43.47266	46.294588	Chechen	Nakh	Nakh-Daghestanian	Chechnya	Chechen
	42.821457	46.024116	Chechen	Nakh	Nakh-Daghestanian	Chechnya	Chechen
	42.983333	46.316667	Chechen	Nakh	Nakh-Daghestanian	Chechnya	Chechen
-	42.726787	45.423122	Chechen	Nakh	Nakh-Daghestanian	Chechnya	Chechen
	42.713149	45.427287	Chechen	Nakh	Nakh-Daghestanian	Chechnya	Chechen
	43.401944	45.522778	Chechen	Nakh	Nakh-Daghestanian	Chechnya	Chechen
	43.908765	45.805986	Chechen	Nakh	Nakh-Daghestanian	Chechnya	Chechen
	43.386389	45.828889	Chechen	Nakh	Nakh-Daghestanian	Chechnya	Chechen
	42.853158	45.480087	Chechen	Nakh	Nakh-Daghestanian	Chechnya	Chechen
	43.042469	45.708575	Chechen	Nakh	Nakh-Daghestanian	Chechnya	Chechen
	43.400833	45.433056	Chechen	Nakh	Nakh-Daghestanian	Chechnya	Chechen
	43.583611	45.4425	Chechen	Nakh	Nakh-Daghestanian	Chechnya	Chechen
	43.72376	45.632907	Chechen	Nakh	Nakh-Daghestanian	Chechnya	Chechen
	43.524444	45.699722	Chechen	Nakh	Nakh-Daghestanian	Chechnya	Chechen
	43.254444	45.756944	Chechen	Nakh	Nakh-Daghestanian	Chechnya	Chechen
	43.302662	45.823233	Chechen	Nakh	Nakh-Daghestanian	Chechnya	Chechen
	43.3875	45.597222	Chechen	Nakh	Nakh-Daghestanian	Chechnya	Chechen
	42.7862	46.006488	Chechen	Nakh	Nakh-Daghestanian	Chechnya	Chechen
	43.404981	45.397468	Chechen	Nakh	Nakh-Daghestanian	Chechnya	Chechen
	43.095556	46.124722	Chechen	Nakh	Nakh-Daghestanian	Chechnya	Chechen
	42.725755	46.034167	Chechen	Nakh	Nakh-Daghestanian	Chechnya	Chechen
-	43.074444	46.348611	Chechen	Nakh	Nakh-Daghestanian	Chechnya	Chechen
-	43.088889	45.4575	Chechen	Nakh	Nakh-Daghestanian	Chechnya	Chechen
	43.728611	45.172222	Chechen	Nakh	Nakh-Daghestanian	Chechnya	Chechen
	43.919694	46.044794	Chechen	Nakh	Nakh-Daghestanian	Chechnya	Chechen
	42.850278	45.649444	Chechen	Nakh	Nakh-Daghestanian	Chechnya	Chechen
	43.630278	45.459722	Chechen	Nakh	Nakh-Daghestanian	Chechnya	Chechen
	43.408459	45.595744	Chechen	Nakh	Nakh-Daghestanian	Chechnya	Chechen
	42.701835	46.063155	Chechen	Nakh	Nakh-Daghestanian	Chechnya	Chechen
-	42.689444	45.476389	Chechen	Nakh	Nakh-Daghestanian	Chechnya	Chechen
	42.94052	45.39714	Chechen	Nakh	Nakh-Daghestanian	Chechnya	Chechen
	43.292222	45.303889	Chechen	Nakh	Nakh-Daghestanian	Chechnya	Chechen
	42.796389	45.791111	Chechen	Nakh	Nakh-Daghestanian	Chechnya	Chechen
-	43.839722	46.4325	Chechen	Nakh	Nakh-Daghestanian	Chechnya	Chechen
	42.840278	45.706111	Chechen	Nakh	Nakh-Daghestanian	Chechnya	Chechen
	42.725931	45.22735	Chechen	Nakh	Nakh-Daghestanian	Chechnya	Chechen
	43.061111	46.290833	Chechen	Nakh	Nakh-Daghestanian	Chechnya	Chechen
	43.75891	45.25946	Chechen	Nakh	Nakh-Daghestanian	Chechnya	Chechen
	43.877187	45.6737	Chechen	Nakh	Nakh-Daghestanian	Chechnya	Chechen
	42.940833	45.863056	Chechen	Nakh	Nakh-Daghestanian	Chechnya	Chechen
	43.662959	45.773835	Chechen	Nakh	Nakh-Daghestanian	Chechnya	Chechen
	42.757193	45.410183	Chechen	Nakh	Nakh-Daghestanian	Chechnya	Chechen
-	43.109722	45.974167	Chechen	Nakh	Nakh-Daghestanian	Chechnya	Chechen
	43.009444	46.465833	Chechen	Nakh	Nakh-Daghestanian	Chechnya	Chechen
	43.732241	45.514123	Chechen	Nakh	Nakh-Daghestanian	Chechnya	Chechen
	43.085328	46.334168	Chechen	Nakh	Nakh-Daghestanian	Chechnya	Chechen
	43.141111	46.343889	Chechen	Nakh	Nakh-Daghestanian	Chechnya	Chechen
 	43.014986	46.186189	Chechen	Nakh	Nakh-Daghestanian	Chechnya	Chechen
-	43.469722	46.106667	Chechen	Nakh	Nakh-Daghestanian	Chechnya	Chechen
	43.635833	46.416389	Chechen	Nakh	Nakh-Daghestanian	Chechnya	Chechen
 	43.1	45.738583	Chechen	Nakh	Nakh-Daghestanian	Chechnya	Chechen
 	43.130556	45.2975	Chechen	Nakh	Nakh-Daghestanian	Chechnya	Chechen
-	42.992102	46.344103	Chechen	Nakh	Nakh-Daghestanian	Chechnya	Chechen
	42.890278	45.639722	Chechen	Nakh	Nakh-Daghestanian	Chechnya	Chechen
	42.707778	45.597222	Chechen	Nakh	Nakh-Daghestanian	Chechnya	Chechen
-	42.980989	46.182928	Chechen	Nakh	Nakh-Daghestanian	Chechnya	Chechen
-	43.071667	45.511667	Chechen	Nakh	Nakh-Daghestanian	Chechnya	Chechen
	42.810232	46.031935	Chechen	Nakh	Nakh-Daghestanian	Chechnya	Chechen
-	43.038611	46.485556	Chechen	Nakh	Nakh-Daghestanian	Chechnya	Chechen
	42.975278	45.911111	Chechen	Nakh	Nakh-Daghestanian	Chechnya	Chechen
	43.551944	45.563611	Chechen	Nakh	Nakh-Daghestanian	Chechnya	Chechen
	42.74854	45.19644	Chechen	Nakh	Nakh-Daghestanian	Chechnya	Chechen
-	43.444444	45.778889	Chechen	Nakh	Nakh-Daghestanian	Chechnya	Chechen
	42.911111	45.284722	Chechen	Nakh	Nakh-Daghestanian	Chechnya	Chechen
	42.729134	45.465145	Chechen	Nakh	Nakh-Daghestanian	Chechnya	Chechen
	42.833333	45.63	Chechen	Nakh	Nakh-Daghestanian	Chechnya	Chechen
	42.734574	46.04	Chechen	Nakh	Nakh-Daghestanian	Chechnya	Chechen
-	42.727656	46.048118	Chechen	Nakh	Nakh-Daghestanian	Chechnya	Chechen
-	43.093333	46.27	Chechen	Nakh	Nakh-Daghestanian	Chechnya	Chechen
	42.724444	45.530278	Chechen	Nakh	Nakh-Daghestanian	Chechnya	Chechen
	42.759357	45.436405	Chechen	Nakh	Nakh-Daghestanian	Chechnya	Chechen
	42.789305	46.018159	Chechen	Nakh	Nakh-Daghestanian	Chechnya	Chechen
-	42.988056	45.76	Chechen	Nakh	Nakh-Daghestanian	Chechnya	Chechen
	43.630556	45.601389	Chechen	Nakh	Nakh-Daghestanian	Chechnya	Chechen
	42.842357	45.702284	Chechen	Nakh	Nakh-Daghestanian	Chechnya	Chechen
-	43.129167	45.541667	Chechen	Nakh	Nakh-Daghestanian	Chechnya	Chechen
  	43.545966	45.326088	Chechen	Nakh	Nakh-Daghestanian	Chechnya	Chechen
-	43.117337	46.16837	Chechen	Nakh	Nakh-Daghestanian	Chechnya	Chechen
	42.777778	45.611389	Chechen	Nakh	Nakh-Daghestanian	Chechnya	Chechen
	43.6375	45.663611	Chechen	Nakh	Nakh-Daghestanian	Chechnya	Chechen
-	42.847034	45.900792	Chechen	Nakh	Nakh-Daghestanian	Chechnya	Chechen
	42.877222	45.357778	Chechen	Nakh	Nakh-Daghestanian	Chechnya	Chechen
	42.881667	45.674722	Chechen	Nakh	Nakh-Daghestanian	Chechnya	Chechen
	42.620556	45.83	Chechen	Nakh	Nakh-Daghestanian	Chechnya	Chechen
-	42.838889	45.818056	Chechen	Nakh	Nakh-Daghestanian	Chechnya	Chechen
-	43.234167	45.451667	Chechen	Nakh	Nakh-Daghestanian	Chechnya	Chechen
-	43.413056	46.236111	Chechen	Nakh	Nakh-Daghestanian	Chechnya	Chechen
	42.904167	46.138611	Chechen	Nakh	Nakh-Daghestanian	Chechnya	Chechen
	42.72463	46.068851	Chechen	Nakh	Nakh-Daghestanian	Chechnya	Chechen
	42.914167	45.549722	Chechen	Nakh	Nakh-Daghestanian	Chechnya	Chechen
	43.476667	46.333889	Chechen	Nakh	Nakh-Daghestanian	Chechnya	Chechen
	42.980278	45.936944	Chechen	Nakh	Nakh-Daghestanian	Chechnya	Chechen
	42.840278	45.155556	Chechen	Nakh	Nakh-Daghestanian	Chechnya	Chechen
-	43.064966	46.19528	Chechen	Nakh	Nakh-Daghestanian	Chechnya	Chechen
	42.675278	45.644722	Chechen	Nakh	Nakh-Daghestanian	Chechnya	Chechen
-	43.11	46.146944	Chechen	Nakh	Nakh-Daghestanian	Chechnya	Chechen
	42.748333	45.667778	Chechen	Nakh	Nakh-Daghestanian	Chechnya	Chechen
	42.862804	45.41693	Chechen	Nakh	Nakh-Daghestanian	Chechnya	Chechen
	42.654444	45.852222	Chechen	Nakh	Nakh-Daghestanian	Chechnya	Chechen
	42.703677	46.006265	Chechen	Nakh	Nakh-Daghestanian	Chechnya	Chechen
	42.750984	46.127223	Chechen	Nakh	Nakh-Daghestanian	Chechnya	Chechen
-	42.718039	45.410685	Chechen	Nakh	Nakh-Daghestanian	Chechnya	Chechen
-	42.92909	45.42358	Chechen	Nakh	Nakh-Daghestanian	Chechnya	Chechen
-	43.051831	46.320541	Chechen	Nakh	Nakh-Daghestanian	Chechnya	Chechen
	42.553333	45.754167	Chechen	Nakh	Nakh-Daghestanian	Chechnya	Chechen
-	43.018333	46.052778	Chechen	Nakh	Nakh-Daghestanian	Chechnya	Chechen
	42.714722	45.504167	Chechen	Nakh	Nakh-Daghestanian	Chechnya	Chechen
	42.780514	45.459004	Chechen	Nakh	Nakh-Daghestanian	Chechnya	Chechen
	43.221944	46.245833	Chechen	Nakh	Nakh-Daghestanian	Chechnya	Chechen
-	43.302778	45.828056	Chechen	Nakh	Nakh-Daghestanian	Chechnya	Chechen
	42.680278	45.790833	Chechen	Nakh	Nakh-Daghestanian	Chechnya	Chechen
	42.737644	45.227823	Chechen	Nakh	Nakh-Daghestanian	Chechnya	Chechen
-	43.238333	46.000556	Chechen	Nakh	Nakh-Daghestanian	Chechnya	Chechen
	42.620556	45.909722	Chechen	Nakh	Nakh-Daghestanian	Chechnya	Chechen
	42.751768	46.05799	Chechen	Nakh	Nakh-Daghestanian	Chechnya	Chechen
	42.891111	45.390833	Chechen	Nakh	Nakh-Daghestanian	Chechnya	Chechen
	42.738027	45.904195	Chechen	Nakh	Nakh-Daghestanian	Chechnya	Chechen
	43.501389	45.883333	Chechen	Nakh	Nakh-Daghestanian	Chechnya	Chechen
-	43.446667	45.976944	Chechen	Nakh	Nakh-Daghestanian	Chechnya	Chechen
	43.673611	45.361111	Chechen	Nakh	Nakh-Daghestanian	Chechnya	Chechen
-	43.027549	46.429399	Chechen	Nakh	Nakh-Daghestanian	Chechnya	Chechen
-	43.203333	45.783333	Chechen	Nakh	Nakh-Daghestanian	Chechnya	Chechen
-	42.86193	45.26158	Chechen	Nakh	Nakh-Daghestanian	Chechnya	Chechen
	43.010278	45.705833	Chechen	Nakh	Nakh-Daghestanian	Chechnya	Chechen
	42.79528	45.47041	Chechen	Nakh	Nakh-Daghestanian	Chechnya	Chechen
-	42.781034	45.915814	Chechen	Nakh	Nakh-Daghestanian	Chechnya	Chechen
	42.805749	45.950235	Chechen	Nakh	Nakh-Daghestanian	Chechnya	Chechen
-	43.081259	46.396071	Chechen	Nakh	Nakh-Daghestanian	Chechnya	Chechen
	42.85702	45.3187	Chechen	Nakh	Nakh-Daghestanian	Chechnya	Chechen
-	43.22	45.386389	Chechen	Nakh	Nakh-Daghestanian	Chechnya	Chechen
	43.092778	45.359722	Chechen	Nakh	Nakh-Daghestanian	Chechnya	Chechen
	43.14	45.903889	Chechen	Nakh	Nakh-Daghestanian	Chechnya	Chechen
-	42.812222	45.818056	Chechen	Nakh	Nakh-Daghestanian	Chechnya	Chechen
	42.629722	45.81	Chechen	Nakh	Nakh-Daghestanian	Chechnya	Chechen
	42.871667	45.699167	Chechen	Nakh	Nakh-Daghestanian	Chechnya	Chechen
	43.509167	46.327778	Chechen	Nakh	Nakh-Daghestanian	Chechnya	Chechen
	43.491389	46.308056	Chechen	Nakh	Nakh-Daghestanian	Chechnya	Chechen
-	43.03978	46.156553	Chechen	Nakh	Nakh-Daghestanian	Chechnya	Chechen
	42.630278	45.760556	Chechen	Nakh	Nakh-Daghestanian	Chechnya	Chechen
	42.63929	45.935388	Chechen	Nakh	Nakh-Daghestanian	Chechnya	Chechen
-	43.1125	46.319444	Chechen	Nakh	Nakh-Daghestanian	Chechnya	Chechen
	43.335556	46.193889	Chechen	Nakh	Nakh-Daghestanian	Chechnya	Chechen
	42.732778	45.358611	Chechen	Nakh	Nakh-Daghestanian	Chechnya	Chechen
	42.698533	45.417414	Chechen	Nakh	Nakh-Daghestanian	Chechnya	Chechen
	42.732778	45.358611	Chechen	Nakh	Nakh-Daghestanian	Chechnya	Chechen
	42.766389	45.503611	Chechen	Nakh	Nakh-Daghestanian	Chechnya	Chechen
	42.9725	46.017222	Chechen	Nakh	Nakh-Daghestanian	Chechnya	Chechen
	42.75036	45.3921	Chechen	Nakh	Nakh-Daghestanian	Chechnya	Chechen
-	43.326944	46.353889	Chechen	Nakh	Nakh-Daghestanian	Chechnya	Chechen
	43.0375	46.284444	Chechen	Nakh	Nakh-Daghestanian	Chechnya	Chechen
	43.074444	46.1525	Chechen	Nakh	Nakh-Daghestanian	Chechnya	Chechen
	42.9975	46.146389	Chechen	Nakh	Nakh-Daghestanian	Chechnya	Chechen
	42.736111	45.396389	Chechen	Nakh	Nakh-Daghestanian	Chechnya	Chechen
	42.736111	45.396389	Chechen	Nakh	Nakh-Daghestanian	Chechnya	Chechen
	42.963561	46.053813	Chechen	Nakh	Nakh-Daghestanian	Chechnya	Chechen
	43.596298	45.641154	Chechen	Nakh	Nakh-Daghestanian	Chechnya	Chechen
-	42.851387	45.734965	Chechen	Nakh	Nakh-Daghestanian	Chechnya	Chechen
-	43.107778	46.189722	Chechen	Nakh	Nakh-Daghestanian	Chechnya	Chechen
	42.916667	45.283333	Chechen	Nakh	Nakh-Daghestanian	Chechnya	Chechen
	43.128056	45.328889	Chechen	Nakh	Nakh-Daghestanian	Chechnya	Chechen
	42.996944	45.711667	Chechen	Nakh	Nakh-Daghestanian	Chechnya	Chechen
	42.939444	45.430556	Chechen	Nakh	Nakh-Daghestanian	Chechnya	Chechen
